0 verbose cli C:\Users\sheng\AppData\Roaming\TRAE SOLO CN\ModularData\ai-agent\vm\tools\node\node.exe C:\Users\sheng\AppData\Roaming\TRAE SOLO CN\ModularData\ai-agent\vm\tools\node\node_modules\npm\bin\npm-cli.js
1 info using npm@10.9.4
2 info using node@v22.16.0
3 silly config load:file:C:\Users\sheng\AppData\Roaming\TRAE SOLO CN\ModularData\ai-agent\vm\tools\node\node_modules\npm\npmrc
4 silly config load:file:D:\00 刘盛雄知识库\00 myblog\.npmrc
5 silly config load:file:C:\Users\sheng\.npmrc
6 silly config load:file:C:\Users\sheng\AppData\Roaming\TRAE SOLO CN\ModularData\ai-agent\vm\tools\node\etc\npmrc
7 verbose title npm install @octokit/rest gray-matter
8 verbose argv "install" "--save" "@octokit/rest" "gray-matter" "--cache" ".npm-cache"
9 verbose logfile logs-max:10 dir:D:\00 刘盛雄知识库\00 myblog\.npm-cache\_logs\2026-08-23T11_00_59_816Z-
10 verbose logfile D:\00 刘盛雄知识库\00 myblog\.npm-cache\_logs\2026-08-23T11_00_59_816Z-debug-0.log
11 silly logfile done cleaning log files
12 silly packumentCache heap:4345298944 maxSize:1086324736 maxEntrySize:543162368
13 silly idealTree buildDeps
14 silly fetch manifest @astrojs/vercel@^7.6.0
15 silly packumentCache full:https://registry.npmjs.org/@astrojs%2fvercel cache-miss
16 http fetch GET 200 https://registry.npmjs.org/@astrojs%2fvercel 3011ms (cache miss)
17 silly packumentCache full:https://registry.npmjs.org/@astrojs%2fvercel set size:undefined disposed:false
18 silly fetch manifest astro@^4.8.2
19 silly packumentCache full:https://registry.npmjs.org/astro cache-miss
20 http fetch GET 200 https://registry.npmjs.org/astro 4663ms (cache miss)
21 silly packumentCache full:https://registry.npmjs.org/astro set size:undefined disposed:false
22 silly fetch manifest jose@^6.2.10
23 silly packumentCache full:https://registry.npmjs.org/jose cache-miss
24 http fetch GET 200 https://registry.npmjs.org/jose 1617ms (cache miss)
25 silly packumentCache full:https://registry.npmjs.org/jose set size:undefined disposed:false
26 silly fetch manifest @octokit/rest@*
27 silly packumentCache full:https://registry.npmjs.org/@octokit%2frest cache-miss
28 http fetch GET 200 https://registry.npmjs.org/@octokit%2frest 2204ms (cache miss)
29 silly packumentCache full:https://registry.npmjs.org/@octokit%2frest set size:undefined disposed:false
30 silly fetch manifest gray-matter@*
31 silly packumentCache full:https://registry.npmjs.org/gray-matter cache-miss
32 http fetch GET 200 https://registry.npmjs.org/gray-matter 674ms (cache miss)
33 silly packumentCache full:https://registry.npmjs.org/gray-matter set size:undefined disposed:false
34 silly fetch manifest @types/node@^26.2.0
35 silly packumentCache full:https://registry.npmjs.org/@types%2fnode cache-miss
36 http fetch GET 200 https://registry.npmjs.org/@types%2fnode 11774ms (cache miss)
37 silly packumentCache full:https://registry.npmjs.org/@types%2fnode set size:undefined disposed:false
38 silly placeDep ROOT @astrojs/vercel@7.8.2 OK for: astro-aria@0.0.1 want: ^7.6.0
39 silly placeDep ROOT @octokit/rest@22.0.1 OK for: astro-aria@0.0.1 want: *
40 silly placeDep ROOT @types/node@26.2.0 OK for: astro-aria@0.0.1 want: ^26.2.0
41 silly placeDep ROOT gray-matter@4.0.3 REPLACE for: astro-aria@0.0.1 want: *
42 silly placeDep ROOT jose@6.2.10 OK for: astro-aria@0.0.1 want: ^6.2.10
43 silly fetch manifest web-vitals@^3.5.2
44 silly packumentCache full:https://registry.npmjs.org/web-vitals cache-miss
45 silly fetch manifest @vercel/nft@^0.27.4
46 silly packumentCache full:https://registry.npmjs.org/@vercel%2fnft cache-miss
47 silly fetch manifest @vercel/edge@^1.1.2
48 silly packumentCache full:https://registry.npmjs.org/@vercel%2fedge cache-miss
49 silly fetch manifest @vercel/analytics@^1.3.1
50 silly packumentCache full:https://registry.npmjs.org/@vercel%2fanalytics cache-miss
51 silly fetch manifest @octokit/core@^7.0.6
52 silly packumentCache full:https://registry.npmjs.org/@octokit%2fcore cache-miss
53 silly fetch manifest @octokit/plugin-request-log@^6.0.0
54 silly packumentCache full:https://registry.npmjs.org/@octokit%2fplugin-request-log cache-miss
55 silly fetch manifest @octokit/plugin-paginate-rest@^14.0.0
56 silly packumentCache full:https://registry.npmjs.org/@octokit%2fplugin-paginate-rest cache-miss
57 silly fetch manifest @octokit/plugin-rest-endpoint-methods@^17.0.0
58 silly packumentCache full:https://registry.npmjs.org/@octokit%2fplugin-rest-endpoint-methods cache-miss
59 silly fetch manifest undici-types@~8.3.0
60 silly packumentCache full:https://registry.npmjs.org/undici-types cache-miss
61 http fetch GET 200 https://registry.npmjs.org/web-vitals 1362ms (cache miss)
62 silly packumentCache full:https://registry.npmjs.org/web-vitals set size:undefined disposed:false
63 http fetch GET 200 https://registry.npmjs.org/@vercel%2fnft 1394ms (cache miss)
64 silly packumentCache full:https://registry.npmjs.org/@vercel%2fnft set size:undefined disposed:false
65 http fetch GET 200 https://registry.npmjs.org/@octokit%2fcore 1485ms (cache miss)
66 silly packumentCache full:https://registry.npmjs.org/@octokit%2fcore set size:undefined disposed:false
67 http fetch GET 200 https://registry.npmjs.org/@octokit%2fplugin-paginate-rest 1560ms (cache miss)
68 silly packumentCache full:https://registry.npmjs.org/@octokit%2fplugin-paginate-rest set size:undefined disposed:false
69 http fetch GET 200 https://registry.npmjs.org/@octokit%2fplugin-request-log 1997ms (cache miss)
70 silly packumentCache full:https://registry.npmjs.org/@octokit%2fplugin-request-log set size:undefined disposed:false
71 http fetch GET 200 https://registry.npmjs.org/@vercel%2fanalytics 2314ms (cache miss)
72 silly packumentCache full:https://registry.npmjs.org/@vercel%2fanalytics set size:undefined disposed:false
73 http fetch GET 200 https://registry.npmjs.org/@vercel%2fedge 2434ms (cache miss)
74 silly packumentCache full:https://registry.npmjs.org/@vercel%2fedge set size:undefined disposed:false
75 http fetch GET 200 https://registry.npmjs.org/undici-types 3155ms (cache miss)
76 silly packumentCache full:https://registry.npmjs.org/undici-types set size:undefined disposed:false
77 http fetch GET 200 https://registry.npmjs.org/@octokit%2fplugin-rest-endpoint-methods 3417ms (cache miss)
78 silly packumentCache full:https://registry.npmjs.org/@octokit%2fplugin-rest-endpoint-methods set size:undefined disposed:false
79 silly fetch manifest @remix-run/react@^2
80 silly packumentCache full:https://registry.npmjs.org/@remix-run%2freact cache-miss
81 http fetch GET 200 https://registry.npmjs.org/@remix-run%2freact 5282ms (cache miss)
82 silly packumentCache full:https://registry.npmjs.org/@remix-run%2freact set size:undefined disposed:false
83 silly fetch manifest react@^18.0.0
84 silly packumentCache full:https://registry.npmjs.org/react cache-miss
85 http fetch GET 200 https://registry.npmjs.org/react 6532ms (cache miss)
86 silly packumentCache full:https://registry.npmjs.org/react set size:undefined disposed:false
87 silly fetch manifest react-dom@^18.0.0
88 silly packumentCache full:https://registry.npmjs.org/react-dom cache-miss
89 http fetch GET 200 https://registry.npmjs.org/react-dom 13833ms (cache miss)
90 silly packumentCache full:https://registry.npmjs.org/react-dom set size:undefined disposed:false
91 silly fetch manifest typescript@^5.1.0
92 silly packumentCache full:https://registry.npmjs.org/typescript cache-miss
93 http fetch GET 200 https://registry.npmjs.org/typescript 5846ms (cache miss)
94 silly packumentCache full:https://registry.npmjs.org/typescript set size:undefined disposed:false
95 silly fetch manifest @sveltejs/kit@^1 || ^2
96 silly packumentCache full:https://registry.npmjs.org/@sveltejs%2fkit cache-miss
97 http fetch GET 200 https://registry.npmjs.org/@sveltejs%2fkit 6752ms (cache miss)
98 silly packumentCache full:https://registry.npmjs.org/@sveltejs%2fkit set size:undefined disposed:false
99 silly fetch manifest @opentelemetry/api@^1.0.0
100 silly packumentCache full:https://registry.npmjs.org/@opentelemetry%2fapi cache-miss
101 http fetch GET 200 https://registry.npmjs.org/@opentelemetry%2fapi 917ms (cache miss)
102 silly packumentCache full:https://registry.npmjs.org/@opentelemetry%2fapi set size:undefined disposed:false
103 silly fetch manifest @sveltejs/vite-plugin-svelte@^3.0.0 || ^4.0.0-next.1 || ^5.0.0 || ^6.0.0-next.0 || ^7.0.0
104 silly packumentCache full:https://registry.npmjs.org/@sveltejs%2fvite-plugin-svelte cache-miss
105 http fetch GET 200 https://registry.npmjs.org/@sveltejs%2fvite-plugin-svelte 569ms (cache miss)
106 silly packumentCache full:https://registry.npmjs.org/@sveltejs%2fvite-plugin-svelte set size:undefined disposed:false
107 silly fetch manifest svelte@^5.46.4
108 silly packumentCache full:https://registry.npmjs.org/svelte cache-miss
109 http fetch GET 200 https://registry.npmjs.org/svelte 3857ms (cache miss)
110 silly packumentCache full:https://registry.npmjs.org/svelte set size:undefined disposed:false
111 silly fetch manifest vite@^8.0.0-beta.7 || ^8.0.0
112 silly packumentCache full:https://registry.npmjs.org/vite cache-miss
113 http fetch GET 200 https://registry.npmjs.org/vite 65935ms (cache miss)
114 silly packumentCache full:https://registry.npmjs.org/vite set size:undefined disposed:false
115 silly fetch manifest @types/node@^20.19.0 || >=22.12.0
116 silly packumentCache full:https://registry.npmjs.org/@types%2fnode cache-miss
117 http cache https://registry.npmjs.org/@types%2fnode 35ms (cache hit)
118 silly packumentCache full:https://registry.npmjs.org/@types%2fnode set size:11088606 disposed:false
119 silly fetch manifest @vitejs/devtools@^0.4.0 || ^0.5.0
120 silly packumentCache full:https://registry.npmjs.org/@vitejs%2fdevtools cache-miss
121 http fetch GET 200 https://registry.npmjs.org/@vitejs%2fdevtools 790ms (cache miss)
122 silly packumentCache full:https://registry.npmjs.org/@vitejs%2fdevtools set size:undefined disposed:false
123 silly fetch manifest @vitejs/devtools-oxc@^0.5.2
124 silly packumentCache full:https://registry.npmjs.org/@vitejs%2fdevtools-oxc cache-miss
125 http fetch GET 200 https://registry.npmjs.org/@vitejs%2fdevtools-oxc 321ms (cache miss)
126 silly packumentCache full:https://registry.npmjs.org/@vitejs%2fdevtools-oxc set size:undefined disposed:false
127 silly fetch manifest @vitejs/devtools-rolldown@^0.5.2
128 silly packumentCache full:https://registry.npmjs.org/@vitejs%2fdevtools-rolldown cache-miss
129 http fetch GET 200 https://registry.npmjs.org/@vitejs%2fdevtools-rolldown 809ms (cache miss)
130 silly packumentCache full:https://registry.npmjs.org/@vitejs%2fdevtools-rolldown set size:undefined disposed:false
131 silly fetch manifest @vitejs/devtools-vite@^0.5.2
132 silly packumentCache full:https://registry.npmjs.org/@vitejs%2fdevtools-vite cache-miss
133 http fetch GET 200 https://registry.npmjs.org/@vitejs%2fdevtools-vite 347ms (cache miss)
134 silly packumentCache full:https://registry.npmjs.org/@vitejs%2fdevtools-vite set size:undefined disposed:false
135 silly fetch manifest @vitejs/devtools-vitest@^0.5.2
136 silly packumentCache full:https://registry.npmjs.org/@vitejs%2fdevtools-vitest cache-miss
137 http fetch GET 200 https://registry.npmjs.org/@vitejs%2fdevtools-vitest 991ms (cache miss)
138 silly packumentCache full:https://registry.npmjs.org/@vitejs%2fdevtools-vitest set size:undefined disposed:false
139 silly fetch manifest vitest@*
140 silly packumentCache full:https://registry.npmjs.org/vitest cache-miss
141 http fetch GET 200 https://registry.npmjs.org/vitest 3052ms (cache miss)
142 silly packumentCache full:https://registry.npmjs.org/vitest set size:undefined disposed:false
143 silly fetch manifest @edge-runtime/vm@*
144 silly packumentCache full:https://registry.npmjs.org/@edge-runtime%2fvm cache-miss
145 http fetch GET 200 https://registry.npmjs.org/@edge-runtime%2fvm 868ms (cache miss)
146 silly packumentCache full:https://registry.npmjs.org/@edge-runtime%2fvm set size:undefined disposed:false
147 silly fetch manifest @vitest/browser-playwright@4.1.11
148 silly packumentCache full:https://registry.npmjs.org/@vitest%2fbrowser-playwright cache-miss
149 http fetch GET 200 https://registry.npmjs.org/@vitest%2fbrowser-playwright 866ms (cache miss)
150 silly packumentCache full:https://registry.npmjs.org/@vitest%2fbrowser-playwright set size:undefined disposed:false
151 silly fetch manifest playwright@*
152 silly packumentCache full:https://registry.npmjs.org/playwright cache-miss
153 http fetch GET 200 https://registry.npmjs.org/playwright 97810ms (cache miss)
154 silly packumentCache full:https://registry.npmjs.org/playwright set size:undefined disposed:false
155 silly fetch manifest @vitest/browser-preview@4.1.11
156 silly packumentCache full:https://registry.npmjs.org/@vitest%2fbrowser-preview cache-miss
157 http fetch GET 200 https://registry.npmjs.org/@vitest%2fbrowser-preview 681ms (cache miss)
158 silly packumentCache full:https://registry.npmjs.org/@vitest%2fbrowser-preview set size:undefined disposed:false
159 silly fetch manifest @vitest/browser-webdriverio@4.1.11
160 silly packumentCache full:https://registry.npmjs.org/@vitest%2fbrowser-webdriverio cache-miss
161 http fetch GET 200 https://registry.npmjs.org/@vitest%2fbrowser-webdriverio 932ms (cache miss)
162 silly packumentCache full:https://registry.npmjs.org/@vitest%2fbrowser-webdriverio set size:undefined disposed:false
163 silly fetch manifest webdriverio@*
164 silly packumentCache full:https://registry.npmjs.org/webdriverio cache-miss
165 http fetch GET 200 https://registry.npmjs.org/webdriverio 4813ms (cache miss)
166 silly packumentCache full:https://registry.npmjs.org/webdriverio set size:undefined disposed:false
167 silly fetch manifest puppeteer-core@>=22.x <=24.x
168 silly packumentCache full:https://registry.npmjs.org/puppeteer-core cache-miss
169 http fetch GET 200 https://registry.npmjs.org/puppeteer-core 1124ms (cache miss)
170 silly packumentCache full:https://registry.npmjs.org/puppeteer-core set size:undefined disposed:false
171 silly fetch manifest @vitest/coverage-istanbul@4.1.11
172 silly packumentCache full:https://registry.npmjs.org/@vitest%2fcoverage-istanbul cache-miss
173 http fetch GET 200 https://registry.npmjs.org/@vitest%2fcoverage-istanbul 1470ms (cache miss)
174 silly packumentCache full:https://registry.npmjs.org/@vitest%2fcoverage-istanbul set size:undefined disposed:false
175 silly fetch manifest @vitest/coverage-v8@4.1.11
176 silly packumentCache full:https://registry.npmjs.org/@vitest%2fcoverage-v8 cache-miss
177 http fetch GET 200 https://registry.npmjs.org/@vitest%2fcoverage-v8 1125ms (cache miss)
178 silly packumentCache full:https://registry.npmjs.org/@vitest%2fcoverage-v8 set size:undefined disposed:false
179 silly fetch manifest @vitest/browser@4.1.11
180 silly packumentCache full:https://registry.npmjs.org/@vitest%2fbrowser cache-miss
181 http fetch GET 200 https://registry.npmjs.org/@vitest%2fbrowser 985ms (cache miss)
182 silly packumentCache full:https://registry.npmjs.org/@vitest%2fbrowser set size:undefined disposed:false
183 silly fetch manifest @vitest/ui@4.1.11
184 silly packumentCache full:https://registry.npmjs.org/@vitest%2fui cache-miss
185 http fetch GET 200 https://registry.npmjs.org/@vitest%2fui 2148ms (cache miss)
186 silly packumentCache full:https://registry.npmjs.org/@vitest%2fui set size:undefined disposed:false
187 silly fetch manifest happy-dom@*
188 silly packumentCache full:https://registry.npmjs.org/happy-dom cache-miss
189 http fetch GET 200 https://registry.npmjs.org/happy-dom 8261ms (cache miss)
190 silly packumentCache full:https://registry.npmjs.org/happy-dom set size:undefined disposed:false
191 silly fetch manifest jsdom@*
192 silly packumentCache full:https://registry.npmjs.org/jsdom cache-miss
193 http fetch GET 200 https://registry.npmjs.org/jsdom 2196ms (cache miss)
194 silly packumentCache full:https://registry.npmjs.org/jsdom set size:undefined disposed:false
195 silly fetch manifest canvas@^3.0.0
196 silly packumentCache full:https://registry.npmjs.org/canvas cache-miss
197 http fetch GET 200 https://registry.npmjs.org/canvas 771ms (cache miss)
198 silly packumentCache full:https://registry.npmjs.org/canvas set size:undefined disposed:false
199 silly fetch manifest esbuild@^0.21.5
200 silly packumentCache full:https://registry.npmjs.org/esbuild cache-miss
201 http fetch GET 200 https://registry.npmjs.org/esbuild 3471ms (cache miss)
202 silly packumentCache full:https://registry.npmjs.org/esbuild set size:undefined disposed:false
203 silly fetch manifest esbuild@^0.27.0 || ^0.28.0
204 silly packumentCache full:https://registry.npmjs.org/esbuild cache-miss
205 http cache https://registry.npmjs.org/esbuild 32ms (cache hit)
206 silly packumentCache full:https://registry.npmjs.org/esbuild set size:1264676 disposed:false
207 silly fetch manifest jiti@>=1.21.0
208 silly packumentCache full:https://registry.npmjs.org/jiti cache-miss
209 http fetch GET 200 https://registry.npmjs.org/jiti 967ms (cache miss)
210 silly packumentCache full:https://registry.npmjs.org/jiti set size:undefined disposed:false
211 silly fetch manifest less@^4.0.0
212 silly packumentCache full:https://registry.npmjs.org/less cache-miss
213 http fetch GET 200 https://registry.npmjs.org/less 1263ms (cache miss)
214 silly packumentCache full:https://registry.npmjs.org/less set size:undefined disposed:false
215 silly fetch manifest sass@^1.70.0
216 silly packumentCache full:https://registry.npmjs.org/sass cache-miss
217 http fetch GET 200 https://registry.npmjs.org/sass 1510ms (cache miss)
218 silly packumentCache full:https://registry.npmjs.org/sass set size:undefined disposed:false
219 silly fetch manifest sass-embedded@^1.70.0
220 silly packumentCache full:https://registry.npmjs.org/sass-embedded cache-miss
221 http fetch GET 200 https://registry.npmjs.org/sass-embedded 846ms (cache miss)
222 silly packumentCache full:https://registry.npmjs.org/sass-embedded set size:undefined disposed:false
223 silly fetch manifest stylus@>=0.54.8
224 silly packumentCache full:https://registry.npmjs.org/stylus cache-miss
225 http fetch GET 200 https://registry.npmjs.org/stylus 657ms (cache miss)
226 silly packumentCache full:https://registry.npmjs.org/stylus set size:undefined disposed:false
227 silly fetch manifest sugarss@^5.0.0
228 silly packumentCache full:https://registry.npmjs.org/sugarss cache-miss
229 http fetch GET 200 https://registry.npmjs.org/sugarss 510ms (cache miss)
230 silly packumentCache full:https://registry.npmjs.org/sugarss set size:undefined disposed:false
231 silly fetch manifest postcss@^8.3.3
232 silly packumentCache full:https://registry.npmjs.org/postcss cache-miss
233 http fetch GET 200 https://registry.npmjs.org/postcss 1299ms (cache miss)
234 silly packumentCache full:https://registry.npmjs.org/postcss set size:undefined disposed:false
235 silly fetch manifest terser@^5.16.0
236 silly packumentCache full:https://registry.npmjs.org/terser cache-miss
237 http fetch GET 200 https://registry.npmjs.org/terser 998ms (cache miss)
238 silly packumentCache full:https://registry.npmjs.org/terser set size:undefined disposed:false
239 silly fetch manifest tsx@^4.8.1
240 silly packumentCache full:https://registry.npmjs.org/tsx cache-miss
241 http fetch GET 200 https://registry.npmjs.org/tsx 1175ms (cache miss)
242 silly packumentCache full:https://registry.npmjs.org/tsx set size:undefined disposed:false
243 silly fetch manifest yaml@^2.4.2
244 silly packumentCache full:https://registry.npmjs.org/yaml cache-miss
245 http fetch GET 200 https://registry.npmjs.org/yaml 945ms (cache miss)
246 silly packumentCache full:https://registry.npmjs.org/yaml set size:undefined disposed:false
247 silly fetch manifest next@>= 13
248 silly packumentCache full:https://registry.npmjs.org/next cache-miss
249 http fetch GET 200 https://registry.npmjs.org/next 13096ms (cache miss)
250 silly packumentCache full:https://registry.npmjs.org/next set size:undefined disposed:false
251 silly fetch manifest @playwright/test@^1.51.1
252 silly packumentCache full:https://registry.npmjs.org/@playwright%2ftest cache-miss
253 http fetch GET 200 https://registry.npmjs.org/@playwright%2ftest 7611ms (cache miss)
254 silly packumentCache full:https://registry.npmjs.org/@playwright%2ftest set size:undefined disposed:false
255 silly fetch manifest babel-plugin-react-compiler@*
256 silly packumentCache full:https://registry.npmjs.org/babel-plugin-react-compiler cache-miss
257 http fetch GET 200 https://registry.npmjs.org/babel-plugin-react-compiler 1155ms (cache miss)
258 silly packumentCache full:https://registry.npmjs.org/babel-plugin-react-compiler set size:undefined disposed:false
259 silly fetch manifest vue@^3
260 silly packumentCache full:https://registry.npmjs.org/vue cache-miss
261 http fetch GET 200 https://registry.npmjs.org/vue 1858ms (cache miss)
262 silly packumentCache full:https://registry.npmjs.org/vue set size:undefined disposed:false
263 silly fetch manifest vue-router@^4
264 silly packumentCache full:https://registry.npmjs.org/vue-router cache-miss
265 http fetch GET 200 https://registry.npmjs.org/vue-router 3122ms (cache miss)
266 silly packumentCache full:https://registry.npmjs.org/vue-router set size:undefined disposed:false
267 silly placeDep node_modules/@astrojs/vercel @vercel/analytics@1.6.1 OK for: @astrojs/vercel@7.8.2 want: ^1.3.1
268 silly placeDep ROOT @vercel/edge@1.3.3 OK for: @astrojs/vercel@7.8.2 want: ^1.1.2
269 silly placeDep ROOT @vercel/nft@0.27.10 OK for: @astrojs/vercel@7.8.2 want: ^0.27.4
270 silly placeDep ROOT web-vitals@3.5.2 OK for: @astrojs/vercel@7.8.2 want: ^3.5.2
271 silly fetch manifest glob@^7.1.3
272 silly packumentCache full:https://registry.npmjs.org/glob cache-miss
273 silly fetch manifest bindings@^1.4.0
274 silly packumentCache full:https://registry.npmjs.org/bindings cache-miss
275 silly fetch manifest async-sema@^3.1.1
276 silly packumentCache full:https://registry.npmjs.org/async-sema cache-miss
277 silly fetch manifest resolve-from@^5.0.0
278 silly packumentCache full:https://registry.npmjs.org/resolve-from cache-miss
279 silly fetch manifest estree-walker@2.0.2
280 silly packumentCache full:https://registry.npmjs.org/estree-walker cache-miss
281 silly fetch manifest node-gyp-build@^4.2.2
282 silly packumentCache full:https://registry.npmjs.org/node-gyp-build cache-miss
283 silly fetch manifest @mapbox/node-pre-gyp@^2.0.0-rc.0
284 silly packumentCache full:https://registry.npmjs.org/@mapbox%2fnode-pre-gyp cache-miss
285 silly fetch manifest acorn-import-attributes@^1.9.5
286 silly packumentCache full:https://registry.npmjs.org/acorn-import-attributes cache-miss
287 http fetch GET 200 https://registry.npmjs.org/bindings 325ms (cache miss)
288 silly packumentCache full:https://registry.npmjs.org/bindings set size:undefined disposed:false
289 http fetch GET 200 https://registry.npmjs.org/resolve-from 609ms (cache miss)
290 silly packumentCache full:https://registry.npmjs.org/resolve-from set size:undefined disposed:false
291 http fetch GET 200 https://registry.npmjs.org/node-gyp-build 678ms (cache miss)
292 silly packumentCache full:https://registry.npmjs.org/node-gyp-build set size:undefined disposed:false
293 http fetch GET 200 https://registry.npmjs.org/glob 765ms (cache miss)
294 silly packumentCache full:https://registry.npmjs.org/glob set size:undefined disposed:false
295 http fetch GET 200 https://registry.npmjs.org/estree-walker 839ms (cache miss)
296 silly packumentCache full:https://registry.npmjs.org/estree-walker set size:undefined disposed:false
297 http fetch GET 200 https://registry.npmjs.org/async-sema 843ms (cache miss)
298 silly packumentCache full:https://registry.npmjs.org/async-sema set size:undefined disposed:false
299 http fetch GET 200 https://registry.npmjs.org/acorn-import-attributes 1017ms (cache miss)
300 silly packumentCache full:https://registry.npmjs.org/acorn-import-attributes set size:undefined disposed:false
301 http fetch GET 200 https://registry.npmjs.org/@mapbox%2fnode-pre-gyp 1084ms (cache miss)
302 silly packumentCache full:https://registry.npmjs.org/@mapbox%2fnode-pre-gyp set size:undefined disposed:false
303 silly placeDep ROOT @octokit/core@7.0.7 OK for: @octokit/rest@22.0.1 want: ^7.0.6
304 silly placeDep ROOT @octokit/plugin-paginate-rest@14.0.0 OK for: @octokit/rest@22.0.1 want: ^14.0.0
305 silly placeDep ROOT @octokit/plugin-request-log@6.0.0 OK for: @octokit/rest@22.0.1 want: ^6.0.0
306 silly placeDep ROOT @octokit/plugin-rest-endpoint-methods@17.0.0 OK for: @octokit/rest@22.0.1 want: ^17.0.0
307 silly fetch manifest @octokit/types@^17.0.0
308 silly packumentCache full:https://registry.npmjs.org/@octokit%2ftypes cache-miss
309 silly fetch manifest @octokit/graphql@^9.0.4
310 silly packumentCache full:https://registry.npmjs.org/@octokit%2fgraphql cache-miss
311 silly fetch manifest @octokit/request@^10.0.13
312 silly packumentCache full:https://registry.npmjs.org/@octokit%2frequest cache-miss
313 silly fetch manifest before-after-hook@^4.0.0
314 silly packumentCache full:https://registry.npmjs.org/before-after-hook cache-miss
315 silly fetch manifest @octokit/auth-token@^6.0.0
316 silly packumentCache full:https://registry.npmjs.org/@octokit%2fauth-token cache-miss
317 silly fetch manifest universal-user-agent@^7.0.0
318 silly packumentCache full:https://registry.npmjs.org/universal-user-agent cache-miss
319 silly fetch manifest @octokit/request-error@^7.1.1
320 silly packumentCache full:https://registry.npmjs.org/@octokit%2frequest-error cache-miss
321 silly fetch manifest @octokit/types@^16.0.0
322 silly packumentCache full:https://registry.npmjs.org/@octokit%2ftypes cache-miss
323 silly fetch manifest @octokit/types@^16.0.0
324 silly packumentCache full:https://registry.npmjs.org/@octokit%2ftypes cache-miss
325 http fetch GET 200 https://registry.npmjs.org/universal-user-agent 698ms (cache miss)
326 silly packumentCache full:https://registry.npmjs.org/universal-user-agent set size:undefined disposed:false
327 http fetch GET 200 https://registry.npmjs.org/@octokit%2frequest-error 776ms (cache miss)
328 silly packumentCache full:https://registry.npmjs.org/@octokit%2frequest-error set size:undefined disposed:false
329 http fetch GET 200 https://registry.npmjs.org/@octokit%2fgraphql 823ms (cache miss)
330 silly packumentCache full:https://registry.npmjs.org/@octokit%2fgraphql set size:undefined disposed:false
331 http fetch GET 200 https://registry.npmjs.org/before-after-hook 848ms (cache miss)
332 silly packumentCache full:https://registry.npmjs.org/before-after-hook set size:undefined disposed:false
333 http fetch GET 200 https://registry.npmjs.org/@octokit%2frequest 1043ms (cache miss)
334 silly packumentCache full:https://registry.npmjs.org/@octokit%2frequest set size:undefined disposed:false
335 http fetch GET 200 https://registry.npmjs.org/@octokit%2ftypes 1742ms (cache miss)
336 silly packumentCache full:https://registry.npmjs.org/@octokit%2ftypes set size:undefined disposed:false
337 http fetch GET 200 https://registry.npmjs.org/@octokit%2ftypes 2035ms (cache miss)
338 silly packumentCache full:https://registry.npmjs.org/@octokit%2ftypes set size:undefined disposed:false
339 http fetch GET 200 https://registry.npmjs.org/@octokit%2ftypes 3768ms (cache miss)
340 silly packumentCache full:https://registry.npmjs.org/@octokit%2ftypes set size:undefined disposed:false
341 http fetch GET 200 https://registry.npmjs.org/@octokit%2fauth-token 4629ms (cache miss)
342 silly packumentCache full:https://registry.npmjs.org/@octokit%2fauth-token set size:undefined disposed:false
343 silly placeDep ROOT @octokit/auth-token@6.0.0 OK for: @octokit/core@7.0.7 want: ^6.0.0
344 silly placeDep ROOT @octokit/graphql@9.0.4 OK for: @octokit/core@7.0.7 want: ^9.0.4
345 silly placeDep ROOT @octokit/request@10.0.15 OK for: @octokit/core@7.0.7 want: ^10.0.13
346 silly placeDep ROOT @octokit/request-error@7.1.1 OK for: @octokit/core@7.0.7 want: ^7.1.1
347 silly placeDep ROOT @octokit/types@17.0.0 OK for: @octokit/core@7.0.7 want: ^17.0.0
348 silly placeDep ROOT before-after-hook@4.0.0 OK for: @octokit/core@7.0.7 want: ^4.0.0
349 silly placeDep ROOT universal-user-agent@7.0.3 OK for: @octokit/core@7.0.7 want: ^7.0.0
350 silly fetch manifest content-type@^3.0.0
351 silly packumentCache full:https://registry.npmjs.org/content-type cache-miss
352 silly fetch manifest json-with-bigint@^3.5.12
353 silly packumentCache full:https://registry.npmjs.org/json-with-bigint cache-miss
354 silly fetch manifest @octokit/endpoint@^11.0.3
355 silly packumentCache full:https://registry.npmjs.org/@octokit%2fendpoint cache-miss
356 silly fetch manifest universal-user-agent@^7.0.2
357 silly packumentCache full:https://registry.npmjs.org/universal-user-agent cache-miss
358 silly fetch manifest @octokit/openapi-types@^28.0.0
359 silly packumentCache full:https://registry.npmjs.org/@octokit%2fopenapi-types cache-miss
360 http cache https://registry.npmjs.org/universal-user-agent 15ms (cache hit)
361 silly packumentCache full:https://registry.npmjs.org/universal-user-agent set size:44336 disposed:false
362 http fetch GET 200 https://registry.npmjs.org/json-with-bigint 630ms (cache miss)
363 silly packumentCache full:https://registry.npmjs.org/json-with-bigint set size:undefined disposed:false
364 http fetch GET 200 https://registry.npmjs.org/@octokit%2fendpoint 731ms (cache miss)
365 silly packumentCache full:https://registry.npmjs.org/@octokit%2fendpoint set size:undefined disposed:false
366 http fetch GET 200 https://registry.npmjs.org/@octokit%2fopenapi-types 773ms (cache miss)
367 silly packumentCache full:https://registry.npmjs.org/@octokit%2fopenapi-types set size:undefined disposed:false
368 http fetch GET 200 https://registry.npmjs.org/content-type 1478ms (cache miss)
369 silly packumentCache full:https://registry.npmjs.org/content-type set size:undefined disposed:false
370 silly placeDep node_modules/@octokit/plugin-paginate-rest @octokit/types@16.0.0 OK for: @octokit/plugin-paginate-rest@14.0.0 want: ^16.0.0
371 silly fetch manifest @octokit/openapi-types@^27.0.0
372 silly packumentCache full:https://registry.npmjs.org/@octokit%2fopenapi-types cache-miss
373 http cache https://registry.npmjs.org/@octokit%2fopenapi-types 35ms (cache hit)
374 silly packumentCache full:https://registry.npmjs.org/@octokit%2fopenapi-types set size:398124 disposed:false
375 silly placeDep node_modules/@octokit/plugin-rest-endpoint-methods @octokit/types@16.0.0 OK for: @octokit/plugin-rest-endpoint-methods@17.0.0 want: ^16.0.0
376 silly placeDep ROOT @octokit/endpoint@11.0.4 OK for: @octokit/request@10.0.15 want: ^11.0.3
377 silly placeDep ROOT content-type@3.0.0 OK for: @octokit/request@10.0.15 want: ^3.0.0
378 silly placeDep ROOT json-with-bigint@3.5.12 OK for: @octokit/request@10.0.15 want: ^3.5.12
379 silly placeDep ROOT @octokit/openapi-types@28.0.0 OK for: @octokit/types@17.0.0 want: ^28.0.0
380 silly placeDep ROOT undici-types@8.3.0 OK for: @types/node@26.2.0 want: ~8.3.0
381 silly fetch manifest acorn@^8.6.0
382 silly packumentCache full:https://registry.npmjs.org/acorn cache-miss
383 http fetch GET 200 https://registry.npmjs.org/acorn 1808ms (cache miss)
384 silly packumentCache full:https://registry.npmjs.org/acorn set size:undefined disposed:false
385 silly placeDep ROOT @mapbox/node-pre-gyp@2.0.3 OK for: @vercel/nft@0.27.10 want: ^2.0.0-rc.0
386 silly placeDep ROOT acorn-import-attributes@1.9.5 OK for: @vercel/nft@0.27.10 want: ^1.9.5
387 silly placeDep ROOT async-sema@3.1.1 OK for: @vercel/nft@0.27.10 want: ^3.1.1
388 silly placeDep ROOT bindings@1.5.0 OK for: @vercel/nft@0.27.10 want: ^1.4.0
389 silly placeDep node_modules/@vercel/nft estree-walker@2.0.2 OK for: @vercel/nft@0.27.10 want: 2.0.2
390 silly placeDep ROOT glob@7.2.3 OK for: @vercel/nft@0.27.10 want: ^7.1.3
391 silly placeDep ROOT node-gyp-build@4.8.4 OK for: @vercel/nft@0.27.10 want: ^4.2.2
392 silly placeDep ROOT resolve-from@5.0.0 OK for: @vercel/nft@0.27.10 want: ^5.0.0
393 silly fetch manifest tar@^7.4.0
394 silly packumentCache full:https://registry.npmjs.org/tar cache-miss
395 silly fetch manifest nopt@^8.0.0
396 silly packumentCache full:https://registry.npmjs.org/nopt cache-miss
397 silly fetch manifest consola@^3.2.3
398 silly packumentCache full:https://registry.npmjs.org/consola cache-miss
399 silly fetch manifest node-fetch@^2.6.7
400 silly packumentCache full:https://registry.npmjs.org/node-fetch cache-miss
401 silly fetch manifest https-proxy-agent@^7.0.5
402 silly packumentCache full:https://registry.npmjs.org/https-proxy-agent cache-miss
403 silly fetch manifest file-uri-to-path@1.0.0
404 silly packumentCache full:https://registry.npmjs.org/file-uri-to-path cache-miss
405 silly fetch manifest once@^1.3.0
406 silly packumentCache full:https://registry.npmjs.org/once cache-miss
407 silly fetch manifest inflight@^1.0.4
408 silly packumentCache full:https://registry.npmjs.org/inflight cache-miss
409 silly fetch manifest inherits@2
410 silly packumentCache full:https://registry.npmjs.org/inherits cache-miss
411 silly fetch manifest minimatch@^3.1.1
412 silly packumentCache full:https://registry.npmjs.org/minimatch cache-miss
413 silly fetch manifest fs.realpath@^1.0.0
414 silly packumentCache full:https://registry.npmjs.org/fs.realpath cache-miss
415 silly fetch manifest path-is-absolute@^1.0.0
416 silly packumentCache full:https://registry.npmjs.org/path-is-absolute cache-miss
417 http fetch GET 200 https://registry.npmjs.org/inherits 322ms (cache miss)
418 silly packumentCache full:https://registry.npmjs.org/inherits set size:undefined disposed:false
419 http fetch GET 200 https://registry.npmjs.org/inflight 400ms (cache miss)
420 silly packumentCache full:https://registry.npmjs.org/inflight set size:undefined disposed:false
421 http fetch GET 200 https://registry.npmjs.org/once 614ms (cache miss)
422 silly packumentCache full:https://registry.npmjs.org/once set size:undefined disposed:false
423 http fetch GET 200 https://registry.npmjs.org/https-proxy-agent 894ms (cache miss)
424 silly packumentCache full:https://registry.npmjs.org/https-proxy-agent set size:undefined disposed:false
425 http fetch GET 200 https://registry.npmjs.org/nopt 997ms (cache miss)
426 silly packumentCache full:https://registry.npmjs.org/nopt set size:undefined disposed:false
427 http fetch GET 200 https://registry.npmjs.org/path-is-absolute 1072ms (cache miss)
428 silly packumentCache full:https://registry.npmjs.org/path-is-absolute set size:undefined disposed:false
429 http fetch GET 200 https://registry.npmjs.org/fs.realpath 1073ms (cache miss)
430 silly packumentCache full:https://registry.npmjs.org/fs.realpath set size:undefined disposed:false
431 http fetch GET 200 https://registry.npmjs.org/tar 1230ms (cache miss)
432 silly packumentCache full:https://registry.npmjs.org/tar set size:undefined disposed:false
433 http fetch GET 200 https://registry.npmjs.org/file-uri-to-path 1295ms (cache miss)
434 silly packumentCache full:https://registry.npmjs.org/file-uri-to-path set size:undefined disposed:false
435 http fetch GET 200 https://registry.npmjs.org/node-fetch 1561ms (cache miss)
436 silly packumentCache full:https://registry.npmjs.org/node-fetch set size:undefined disposed:false
437 http fetch GET 200 https://registry.npmjs.org/consola 1733ms (cache miss)
438 silly packumentCache full:https://registry.npmjs.org/consola set size:undefined disposed:false
439 http fetch GET 200 https://registry.npmjs.org/minimatch 2849ms (cache miss)
440 silly packumentCache full:https://registry.npmjs.org/minimatch set size:undefined disposed:false
441 silly fetch manifest encoding@^0.1.0
442 silly packumentCache full:https://registry.npmjs.org/encoding cache-miss
443 http fetch GET 200 https://registry.npmjs.org/encoding 1033ms (cache miss)
444 silly packumentCache full:https://registry.npmjs.org/encoding set size:undefined disposed:false
445 silly placeDep ROOT consola@3.4.2 OK for: @mapbox/node-pre-gyp@2.0.3 want: ^3.2.3
446 silly placeDep ROOT https-proxy-agent@7.0.6 OK for: @mapbox/node-pre-gyp@2.0.3 want: ^7.0.5
447 silly placeDep ROOT node-fetch@2.7.0 OK for: @mapbox/node-pre-gyp@2.0.3 want: ^2.6.7
448 silly placeDep ROOT nopt@8.1.0 OK for: @mapbox/node-pre-gyp@2.0.3 want: ^8.0.0
449 silly placeDep ROOT tar@7.5.22 OK for: @mapbox/node-pre-gyp@2.0.3 want: ^7.4.0
450 silly fetch manifest agent-base@^7.1.2
451 silly packumentCache full:https://registry.npmjs.org/agent-base cache-miss
452 silly fetch manifest whatwg-url@^5.0.0
453 silly packumentCache full:https://registry.npmjs.org/whatwg-url cache-miss
454 silly fetch manifest abbrev@^3.0.0
455 silly packumentCache full:https://registry.npmjs.org/abbrev cache-miss
456 silly fetch manifest chownr@^3.0.0
457 silly packumentCache full:https://registry.npmjs.org/chownr cache-miss
458 silly fetch manifest yallist@^5.0.0
459 silly packumentCache full:https://registry.npmjs.org/yallist cache-miss
460 silly fetch manifest minipass@^7.1.2
461 silly packumentCache full:https://registry.npmjs.org/minipass cache-miss
462 silly fetch manifest minizlib@^3.1.0
463 silly packumentCache full:https://registry.npmjs.org/minizlib cache-miss
464 silly fetch manifest @isaacs/fs-minipass@^4.0.0
465 silly packumentCache full:https://registry.npmjs.org/@isaacs%2ffs-minipass cache-miss
466 http fetch GET 200 https://registry.npmjs.org/chownr 310ms (cache miss)
467 silly packumentCache full:https://registry.npmjs.org/chownr set size:undefined disposed:false
468 http fetch GET 200 https://registry.npmjs.org/minipass 616ms (cache miss)
469 silly packumentCache full:https://registry.npmjs.org/minipass set size:undefined disposed:false
470 http fetch GET 200 https://registry.npmjs.org/whatwg-url 646ms (cache miss)
471 silly packumentCache full:https://registry.npmjs.org/whatwg-url set size:undefined disposed:false
472 http fetch GET 200 https://registry.npmjs.org/agent-base 917ms (cache miss)
473 silly packumentCache full:https://registry.npmjs.org/agent-base set size:undefined disposed:false
474 http fetch GET 200 https://registry.npmjs.org/@isaacs%2ffs-minipass 1035ms (cache miss)
475 silly packumentCache full:https://registry.npmjs.org/@isaacs%2ffs-minipass set size:undefined disposed:false
476 http fetch GET 200 https://registry.npmjs.org/minizlib 1049ms (cache miss)
477 silly packumentCache full:https://registry.npmjs.org/minizlib set size:undefined disposed:false
478 http fetch GET 200 https://registry.npmjs.org/abbrev 1334ms (cache miss)
479 silly packumentCache full:https://registry.npmjs.org/abbrev set size:undefined disposed:false
480 http fetch GET 200 https://registry.npmjs.org/yallist 1361ms (cache miss)
481 silly packumentCache full:https://registry.npmjs.org/yallist set size:undefined disposed:false
482 silly placeDep ROOT file-uri-to-path@1.0.0 OK for: bindings@1.5.0 want: 1.0.0
483 silly placeDep ROOT fs.realpath@1.0.0 OK for: glob@7.2.3 want: ^1.0.0
484 silly placeDep ROOT inflight@1.0.6 OK for: glob@7.2.3 want: ^1.0.4
485 silly placeDep ROOT inherits@2.0.4 OK for: glob@7.2.3 want: 2
486 silly placeDep ROOT minimatch@3.1.5 OK for: glob@7.2.3 want: ^3.1.1
487 silly placeDep ROOT once@1.4.0 OK for: glob@7.2.3 want: ^1.3.0
488 silly placeDep ROOT path-is-absolute@1.0.1 OK for: glob@7.2.3 want: ^1.0.0
489 silly fetch manifest wrappy@1
490 silly packumentCache full:https://registry.npmjs.org/wrappy cache-miss
491 silly fetch manifest brace-expansion@^1.1.7
492 silly packumentCache full:https://registry.npmjs.org/brace-expansion cache-miss
493 silly fetch manifest wrappy@1
494 silly packumentCache full:https://registry.npmjs.org/wrappy cache-miss
495 http fetch GET 200 https://registry.npmjs.org/wrappy 281ms (cache miss)
496 silly packumentCache full:https://registry.npmjs.org/wrappy set size:undefined disposed:false
497 http fetch GET 200 https://registry.npmjs.org/wrappy 300ms (cache miss)
498 silly packumentCache full:https://registry.npmjs.org/wrappy set size:undefined disposed:false
499 http fetch GET 200 https://registry.npmjs.org/brace-expansion 593ms (cache miss)
500 silly packumentCache full:https://registry.npmjs.org/brace-expansion set size:undefined disposed:false
501 silly placeDep ROOT agent-base@7.1.4 OK for: https-proxy-agent@7.0.6 want: ^7.1.2
502 silly placeDep ROOT wrappy@1.0.2 OK for: inflight@1.0.6 want: 1
503 silly placeDep ROOT brace-expansion@1.1.18 OK for: minimatch@3.1.5 want: ^1.1.7
504 silly fetch manifest concat-map@0.0.1
505 silly packumentCache full:https://registry.npmjs.org/concat-map cache-miss
506 silly fetch manifest balanced-match@^1.0.0
507 silly packumentCache full:https://registry.npmjs.org/balanced-match cache-miss
508 http fetch GET 200 https://registry.npmjs.org/concat-map 573ms (cache miss)
509 silly packumentCache full:https://registry.npmjs.org/concat-map set size:undefined disposed:false
510 http fetch GET 200 https://registry.npmjs.org/balanced-match 622ms (cache miss)
511 silly packumentCache full:https://registry.npmjs.org/balanced-match set size:undefined disposed:false
512 silly placeDep ROOT balanced-match@1.0.2 OK for: brace-expansion@1.1.18 want: ^1.0.0
513 silly placeDep ROOT concat-map@0.0.1 OK for: brace-expansion@1.1.18 want: 0.0.1
514 silly placeDep ROOT whatwg-url@5.0.0 OK for: node-fetch@2.7.0 want: ^5.0.0
515 silly fetch manifest tr46@~0.0.3
516 silly packumentCache full:https://registry.npmjs.org/tr46 cache-miss
517 silly fetch manifest webidl-conversions@^3.0.0
518 silly packumentCache full:https://registry.npmjs.org/webidl-conversions cache-miss
519 http fetch GET 200 https://registry.npmjs.org/webidl-conversions 611ms (cache miss)
520 silly packumentCache full:https://registry.npmjs.org/webidl-conversions set size:undefined disposed:false
521 http fetch GET 200 https://registry.npmjs.org/tr46 661ms (cache miss)
522 silly packumentCache full:https://registry.npmjs.org/tr46 set size:undefined disposed:false
523 silly placeDep ROOT abbrev@3.0.1 OK for: nopt@8.1.0 want: ^3.0.0
524 silly placeDep ROOT @isaacs/fs-minipass@4.0.1 OK for: tar@7.5.22 want: ^4.0.0
525 silly placeDep ROOT chownr@3.0.0 OK for: tar@7.5.22 want: ^3.0.0
526 silly placeDep ROOT minipass@7.1.3 OK for: tar@7.5.22 want: ^7.1.2
527 silly placeDep ROOT minizlib@3.1.0 OK for: tar@7.5.22 want: ^3.1.0
528 silly placeDep node_modules/tar yallist@5.0.0 OK for: tar@7.5.22 want: ^5.0.0
529 silly fetch manifest minipass@^7.0.4
530 silly packumentCache full:https://registry.npmjs.org/minipass cache-miss
531 http cache https://registry.npmjs.org/minipass 32ms (cache hit)
532 silly packumentCache full:https://registry.npmjs.org/minipass set size:276925 disposed:false
533 silly placeDep ROOT tr46@0.0.3 OK for: whatwg-url@5.0.0 want: ~0.0.3
534 silly placeDep ROOT webidl-conversions@3.0.1 OK for: whatwg-url@5.0.0 want: ^3.0.0
535 silly placeDep node_modules/@octokit/plugin-paginate-rest @octokit/openapi-types@27.0.0 OK for: @octokit/types@16.0.0 want: ^27.0.0
536 silly placeDep node_modules/@octokit/plugin-rest-endpoint-methods @octokit/openapi-types@27.0.0 OK for: @octokit/types@16.0.0 want: ^27.0.0
537 silly reify mark retired [ 'D:\\00 刘盛雄知识库\\00 myblog\\node_modules\\jose' ]
538 silly reify mark retired [
538 silly reify   'D:\\00 刘盛雄知识库\\00 myblog\\node_modules\\astro',
538 silly reify   'D:\\00 刘盛雄知识库\\00 myblog\\node_modules\\.bin\\astro',
538 silly reify   'D:\\00 刘盛雄知识库\\00 myblog\\node_modules\\.bin\\astro.cmd',
538 silly reify   'D:\\00 刘盛雄知识库\\00 myblog\\node_modules\\.bin\\astro.ps1'
538 silly reify ]
539 silly reify mark retired [
539 silly reify   'D:\\00 刘盛雄知识库\\00 myblog\\node_modules\\tailwindcss',
539 silly reify   'D:\\00 刘盛雄知识库\\00 myblog\\node_modules\\.bin\\tailwind',
539 silly reify   'D:\\00 刘盛雄知识库\\00 myblog\\node_modules\\.bin\\tailwind.cmd',
539 silly reify   'D:\\00 刘盛雄知识库\\00 myblog\\node_modules\\.bin\\tailwind.ps1',
539 silly reify   'D:\\00 刘盛雄知识库\\00 myblog\\node_modules\\.bin\\tailwindcss',
539 silly reify   'D:\\00 刘盛雄知识库\\00 myblog\\node_modules\\.bin\\tailwindcss.cmd',
539 silly reify   'D:\\00 刘盛雄知识库\\00 myblog\\node_modules\\.bin\\tailwindcss.ps1'
539 silly reify ]
540 silly reify mark retired [
540 silly reify   'D:\\00 刘盛雄知识库\\00 myblog\\node_modules\\prettier',
540 silly reify   'D:\\00 刘盛雄知识库\\00 myblog\\node_modules\\.bin\\prettier',
540 silly reify   'D:\\00 刘盛雄知识库\\00 myblog\\node_modules\\.bin\\prettier.cmd',
540 silly reify   'D:\\00 刘盛雄知识库\\00 myblog\\node_modules\\.bin\\prettier.ps1'
540 silly reify ]
541 silly reify mark retired [
541 silly reify   'D:\\00 刘盛雄知识库\\00 myblog\\node_modules\\typescript',
541 silly reify   'D:\\00 刘盛雄知识库\\00 myblog\\node_modules\\.bin\\tsc',
541 silly reify   'D:\\00 刘盛雄知识库\\00 myblog\\node_modules\\.bin\\tsc.cmd',
541 silly reify   'D:\\00 刘盛雄知识库\\00 myblog\\node_modules\\.bin\\tsc.ps1',
541 silly reify   'D:\\00 刘盛雄知识库\\00 myblog\\node_modules\\.bin\\tsserver',
541 silly reify   'D:\\00 刘盛雄知识库\\00 myblog\\node_modules\\.bin\\tsserver.cmd',
541 silly reify   'D:\\00 刘盛雄知识库\\00 myblog\\node_modules\\.bin\\tsserver.ps1'
541 silly reify ]
542 silly reify mark retired [ 'D:\\00 刘盛雄知识库\\00 myblog\\node_modules\\volar-service-prettier' ]
543 silly reify mark retired [
543 silly reify   'D:\\00 刘盛雄知识库\\00 myblog\\node_modules\\@astrojs\\check',
543 silly reify   'D:\\00 刘盛雄知识库\\00 myblog\\node_modules\\.bin\\astro-check',
543 silly reify   'D:\\00 刘盛雄知识库\\00 myblog\\node_modules\\.bin\\astro-check.cmd',
543 silly reify   'D:\\00 刘盛雄知识库\\00 myblog\\node_modules\\.bin\\astro-check.ps1'
543 silly reify ]
544 silly reify mark retired [ 'D:\\00 刘盛雄知识库\\00 myblog\\node_modules\\@astrojs\\vercel' ]
545 silly reify mark retired [ 'D:\\00 刘盛雄知识库\\00 myblog\\node_modules\\@astrojs\\tailwind' ]
546 silly reify mark retired [
546 silly reify   'D:\\00 刘盛雄知识库\\00 myblog\\node_modules\\@biomejs\\biome',
546 silly reify   'D:\\00 刘盛雄知识库\\00 myblog\\node_modules\\.bin\\biome',
546 silly reify   'D:\\00 刘盛雄知识库\\00 myblog\\node_modules\\.bin\\biome.cmd',
546 silly reify   'D:\\00 刘盛雄知识库\\00 myblog\\node_modules\\.bin\\biome.ps1'
546 silly reify ]
547 silly reify mark retired [ 'D:\\00 刘盛雄知识库\\00 myblog\\node_modules\\@tailwindcss\\typography' ]
548 silly reify mark retired [ 'D:\\00 刘盛雄知识库\\00 myblog\\node_modules\\@types\\node' ]
549 silly reify moves {
549 silly reify   'D:\\00 刘盛雄知识库\\00 myblog\\node_modules\\jose': 'D:\\00 刘盛雄知识库\\00 myblog\\node_modules\\.jose-6uyELfjL',
549 silly reify   'D:\\00 刘盛雄知识库\\00 myblog\\node_modules\\astro': 'D:\\00 刘盛雄知识库\\00 myblog\\node_modules\\.astro-W1DIuQF8',
549 silly reify   'D:\\00 刘盛雄知识库\\00 myblog\\node_modules\\.bin\\astro': 'D:\\00 刘盛雄知识库\\00 myblog\\node_modules\\.bin\\.astro-2tY5xYSx',
549 silly reify   'D:\\00 刘盛雄知识库\\00 myblog\\node_modules\\.bin\\astro.cmd': 'D:\\00 刘盛雄知识库\\00 myblog\\node_modules\\.bin\\.astro.cmd-SiDfGJHL',
549 silly reify   'D:\\00 刘盛雄知识库\\00 myblog\\node_modules\\.bin\\astro.ps1': 'D:\\00 刘盛雄知识库\\00 myblog\\node_modules\\.bin\\.astro.ps1-lruUrd2Z',
549 silly reify   'D:\\00 刘盛雄知识库\\00 myblog\\node_modules\\tailwindcss': 'D:\\00 刘盛雄知识库\\00 myblog\\node_modules\\.tailwindcss-GVD9gQ0X',
549 silly reify   'D:\\00 刘盛雄知识库\\00 myblog\\node_modules\\.bin\\tailwind': 'D:\\00 刘盛雄知识库\\00 myblog\\node_modules\\.bin\\.tailwind-wPkEtvBR',
549 silly reify   'D:\\00 刘盛雄知识库\\00 myblog\\node_modules\\.bin\\tailwind.cmd': 'D:\\00 刘盛雄知识库\\00 myblog\\node_modules\\.bin\\.tailwind.cmd-D65IKLLJ',
549 silly reify   'D:\\00 刘盛雄知识库\\00 myblog\\node_modules\\.bin\\tailwind.ps1': 'D:\\00 刘盛雄知识库\\00 myblog\\node_modules\\.bin\\.tailwind.ps1-ILUbs1kZ',
549 silly reify   'D:\\00 刘盛雄知识库\\00 myblog\\node_modules\\.bin\\tailwindcss': 'D:\\00 刘盛雄知识库\\00 myblog\\node_modules\\.bin\\.tailwindcss-v4vfXfyo',
549 silly reify   'D:\\00 刘盛雄知识库\\00 myblog\\node_modules\\.bin\\tailwindcss.cmd': 'D:\\00 刘盛雄知识库\\00 myblog\\node_modules\\.bin\\.tailwindcss.cmd-BjMN2lB8',
549 silly reify   'D:\\00 刘盛雄知识库\\00 myblog\\node_modules\\.bin\\tailwindcss.ps1': 'D:\\00 刘盛雄知识库\\00 myblog\\node_modules\\.bin\\.tailwindcss.ps1-iGEbBZca',
549 silly reify   'D:\\00 刘盛雄知识库\\00 myblog\\node_modules\\prettier': 'D:\\00 刘盛雄知识库\\00 myblog\\node_modules\\.prettier-D1E5Rl7E',
549 silly reify   'D:\\00 刘盛雄知识库\\00 myblog\\node_modules\\.bin\\prettier': 'D:\\00 刘盛雄知识库\\00 myblog\\node_modules\\.bin\\.prettier-5p14hog8',
549 silly reify   'D:\\00 刘盛雄知识库\\00 myblog\\node_modules\\.bin\\prettier.cmd': 'D:\\00 刘盛雄知识库\\00 myblog\\node_modules\\.bin\\.prettier.cmd-kAOwVIJR',
549 silly reify   'D:\\00 刘盛雄知识库\\00 myblog\\node_modules\\.bin\\prettier.ps1': 'D:\\00 刘盛雄知识库\\00 myblog\\node_modules\\.bin\\.prettier.ps1-1gqXdXoJ',
549 silly reify   'D:\\00 刘盛雄知识库\\00 myblog\\node_modules\\typescript': 'D:\\00 刘盛雄知识库\\00 myblog\\node_modules\\.typescript-JuquAnOj',
549 silly reify   'D:\\00 刘盛雄知识库\\00 myblog\\node_modules\\.bin\\tsc': 'D:\\00 刘盛雄知识库\\00 myblog\\node_modules\\.bin\\.tsc-aUvKdRzJ',
549 silly reify   'D:\\00 刘盛雄知识库\\00 myblog\\node_modules\\.bin\\tsc.cmd': 'D:\\00 刘盛雄知识库\\00 myblog\\node_modules\\.bin\\.tsc.cmd-cobsgxHW',
549 silly reify   'D:\\00 刘盛雄知识库\\00 myblog\\node_modules\\.bin\\tsc.ps1': 'D:\\00 刘盛雄知识库\\00 myblog\\node_modules\\.bin\\.tsc.ps1-3HQib3n6',
549 silly reify   'D:\\00 刘盛雄知识库\\00 myblog\\node_modules\\.bin\\tsserver': 'D:\\00 刘盛雄知识库\\00 myblog\\node_modules\\.bin\\.tsserver-RbCptbT2',
549 silly reify   'D:\\00 刘盛雄知识库\\00 myblog\\node_modules\\.bin\\tsserver.cmd': 'D:\\00 刘盛雄知识库\\00 myblog\\node_modules\\.bin\\.tsserver.cmd-fjLKm1Fo',
549 silly reify   'D:\\00 刘盛雄知识库\\00 myblog\\node_modules\\.bin\\tsserver.ps1': 'D:\\00 刘盛雄知识库\\00 myblog\\node_modules\\.bin\\.tsserver.ps1-9Y3TMH98',
549 silly reify   'D:\\00 刘盛雄知识库\\00 myblog\\node_modules\\volar-service-prettier': 'D:\\00 刘盛雄知识库\\00 myblog\\node_modules\\.volar-service-prettier-tE6e7Jyq',
549 silly reify   'D:\\00 刘盛雄知识库\\00 myblog\\node_modules\\@astrojs\\check': 'D:\\00 刘盛雄知识库\\00 myblog\\node_modules\\@astrojs\\.check-dc0Q9BJx',
549 silly reify   'D:\\00 刘盛雄知识库\\00 myblog\\node_modules\\.bin\\astro-check': 'D:\\00 刘盛雄知识库\\00 myblog\\node_modules\\.bin\\.astro-check-z4R3LcgY',
549 silly reify   'D:\\00 刘盛雄知识库\\00 myblog\\node_modules\\.bin\\astro-check.cmd': 'D:\\00 刘盛雄知识库\\00 myblog\\node_modules\\.bin\\.astro-check.cmd-f9O7kdKx',
549 silly reify   'D:\\00 刘盛雄知识库\\00 myblog\\node_modules\\.bin\\astro-check.ps1': 'D:\\00 刘盛雄知识库\\00 myblog\\node_modules\\.bin\\.astro-check.ps1-tUw1PGpR',
549 silly reify   'D:\\00 刘盛雄知识库\\00 myblog\\node_modules\\@astrojs\\vercel': 'D:\\00 刘盛雄知识库\\00 myblog\\node_modules\\@astrojs\\.vercel-QHzorF06',
549 silly reify   'D:\\00 刘盛雄知识库\\00 myblog\\node_modules\\@astrojs\\tailwind': 'D:\\00 刘盛雄知识库\\00 myblog\\node_modules\\@astrojs\\.tailwind-mgZVUIPK',
549 silly reify   'D:\\00 刘盛雄知识库\\00 myblog\\node_modules\\@biomejs\\biome': 'D:\\00 刘盛雄知识库\\00 myblog\\node_modules\\@biomejs\\.biome-goT45kNN',
549 silly reify   'D:\\00 刘盛雄知识库\\00 myblog\\node_modules\\.bin\\biome': 'D:\\00 刘盛雄知识库\\00 myblog\\node_modules\\.bin\\.biome-PSPAViqC',
549 silly reify   'D:\\00 刘盛雄知识库\\00 myblog\\node_modules\\.bin\\biome.cmd': 'D:\\00 刘盛雄知识库\\00 myblog\\node_modules\\.bin\\.biome.cmd-Qz9v9sVx',
549 silly reify   'D:\\00 刘盛雄知识库\\00 myblog\\node_modules\\.bin\\biome.ps1': 'D:\\00 刘盛雄知识库\\00 myblog\\node_modules\\.bin\\.biome.ps1-WNBoDnZ7',
549 silly reify   'D:\\00 刘盛雄知识库\\00 myblog\\node_modules\\@tailwindcss\\typography': 'D:\\00 刘盛雄知识库\\00 myblog\\node_modules\\@tailwindcss\\.typography-pdtRWbUo',
549 silly reify   'D:\\00 刘盛雄知识库\\00 myblog\\node_modules\\@types\\node': 'D:\\00 刘盛雄知识库\\00 myblog\\node_modules\\@types\\.node-bAegdXuB'
549 silly reify }
550 silly audit bulk request {
550 silly audit   '@alloc/quick-lru': [ '5.2.0' ],
550 silly audit   '@astrojs/check': [ '0.6.0' ],
550 silly audit   '@astrojs/compiler': [ '2.13.1' ],
550 silly audit   '@astrojs/internal-helpers': [ '0.4.1' ],
550 silly audit   '@astrojs/language-server': [ '2.16.10' ],
550 silly audit   '@astrojs/markdown-remark': [ '5.3.0' ],
550 silly audit   '@astrojs/prism': [ '3.1.0' ],
550 silly audit   '@astrojs/tailwind': [ '5.1.5' ],
550 silly audit   '@astrojs/telemetry': [ '3.1.0' ],
550 silly audit   '@astrojs/yaml2ts': [ '0.2.4' ],
550 silly audit   '@babel/code-frame': [ '7.29.7' ],
550 silly audit   '@babel/compat-data': [ '7.29.7' ],
550 silly audit   '@babel/core': [ '7.29.7' ],
550 silly audit   semver: [ '6.3.1', '7.8.3' ],
550 silly audit   '@babel/generator': [ '7.29.7' ],
550 silly audit   '@babel/helper-annotate-as-pure': [ '7.29.7' ],
550 silly audit   '@babel/helper-compilation-targets': [ '7.29.7' ],
550 silly audit   '@babel/helper-globals': [ '7.29.7' ],
550 silly audit   '@babel/helper-module-imports': [ '7.29.7' ],
550 silly audit   '@babel/helper-module-transforms': [ '7.29.7' ],
550 silly audit   '@babel/helper-plugin-utils': [ '7.29.7' ],
550 silly audit   '@babel/helper-string-parser': [ '7.29.7' ],
550 silly audit   '@babel/helper-validator-identifier': [ '7.29.7' ],
550 silly audit   '@babel/helper-validator-option': [ '7.29.7' ],
550 silly audit   '@babel/helpers': [ '7.29.7' ],
550 silly audit   '@babel/parser': [ '7.29.7' ],
550 silly audit   '@babel/plugin-syntax-jsx': [ '7.29.7' ],
550 silly audit   '@babel/plugin-transform-react-jsx': [ '7.29.7' ],
550 silly audit   '@babel/template': [ '7.29.7' ],
550 silly audit   '@babel/traverse': [ '7.29.7' ],
550 silly audit   '@babel/types': [ '7.29.7' ],
550 silly audit   '@biomejs/biome': [ '1.7.3' ],
550 silly audit   '@biomejs/cli-darwin-arm64': [ '1.7.3' ],
550 silly audit   '@biomejs/cli-darwin-x64': [ '1.7.3' ],
550 silly audit   '@biomejs/cli-linux-arm64': [ '1.7.3' ],
550 silly audit   '@biomejs/cli-linux-arm64-musl': [ '1.7.3' ],
550 silly audit   '@biomejs/cli-linux-x64': [ '1.7.3' ],
550 silly audit   '@biomejs/cli-linux-x64-musl': [ '1.7.3' ],
550 silly audit   '@biomejs/cli-win32-arm64': [ '1.7.3' ],
550 silly audit   '@biomejs/cli-win32-x64': [ '1.7.3' ],
550 silly audit   '@emmetio/abbreviation': [ '2.3.3' ],
550 silly audit   '@emmetio/css-abbreviation': [ '2.1.8' ],
550 silly audit   '@emmetio/css-parser': [ '0.4.1' ],
550 silly audit   '@emmetio/html-matcher': [ '1.3.0' ],
550 silly audit   '@emmetio/scanner': [ '1.0.4' ],
550 silly audit   '@emmetio/stream-reader': [ '2.2.0' ],
550 silly audit   '@emmetio/stream-reader-utils': [ '0.1.0' ],
550 silly audit   '@emnapi/runtime': [ '1.11.0' ],
550 silly audit   '@esbuild/aix-ppc64': [ '0.21.5' ],
550 silly audit   '@esbuild/android-arm': [ '0.21.5' ],
550 silly audit   '@esbuild/android-arm64': [ '0.21.5' ],
550 silly audit   '@esbuild/android-x64': [ '0.21.5' ],
550 silly audit   '@esbuild/darwin-arm64': [ '0.21.5' ],
550 silly audit   '@esbuild/darwin-x64': [ '0.21.5' ],
550 silly audit   '@esbuild/freebsd-arm64': [ '0.21.5' ],
550 silly audit   '@esbuild/freebsd-x64': [ '0.21.5' ],
550 silly audit   '@esbuild/linux-arm': [ '0.21.5' ],
550 silly audit   '@esbuild/linux-arm64': [ '0.21.5' ],
550 silly audit   '@esbuild/linux-ia32': [ '0.21.5' ],
550 silly audit   '@esbuild/linux-loong64': [ '0.21.5' ],
550 silly audit   '@esbuild/linux-mips64el': [ '0.21.5' ],
550 silly audit   '@esbuild/linux-ppc64': [ '0.21.5' ],
550 silly audit   '@esbuild/linux-riscv64': [ '0.21.5' ],
550 silly audit   '@esbuild/linux-s390x': [ '0.21.5' ],
550 silly audit   '@esbuild/linux-x64': [ '0.21.5' ],
550 silly audit   '@esbuild/netbsd-x64': [ '0.21.5' ],
550 silly audit   '@esbuild/openbsd-x64': [ '0.21.5' ],
550 silly audit   '@esbuild/sunos-x64': [ '0.21.5' ],
550 silly audit   '@esbuild/win32-arm64': [ '0.21.5' ],
550 silly audit   '@esbuild/win32-ia32': [ '0.21.5' ],
550 silly audit   '@esbuild/win32-x64': [ '0.21.5' ],
550 silly audit   '@img/sharp-darwin-arm64': [ '0.33.5' ],
550 silly audit   '@img/sharp-darwin-x64': [ '0.33.5' ],
550 silly audit   '@img/sharp-libvips-darwin-arm64': [ '1.0.4' ],
550 silly audit   '@img/sharp-libvips-darwin-x64': [ '1.0.4' ],
550 silly audit   '@img/sharp-libvips-linux-arm': [ '1.0.5' ],
550 silly audit   '@img/sharp-libvips-linux-arm64': [ '1.0.4' ],
550 silly audit   '@img/sharp-libvips-linux-s390x': [ '1.0.4' ],
550 silly audit   '@img/sharp-libvips-linux-x64': [ '1.0.4' ],
550 silly audit   '@img/sharp-libvips-linuxmusl-arm64': [ '1.0.4' ],
550 silly audit   '@img/sharp-libvips-linuxmusl-x64': [ '1.0.4' ],
550 silly audit   '@img/sharp-linux-arm': [ '0.33.5' ],
550 silly audit   '@img/sharp-linux-arm64': [ '0.33.5' ],
550 silly audit   '@img/sharp-linux-s390x': [ '0.33.5' ],
550 silly audit   '@img/sharp-linux-x64': [ '0.33.5' ],
550 silly audit   '@img/sharp-linuxmusl-arm64': [ '0.33.5' ],
550 silly audit   '@img/sharp-linuxmusl-x64': [ '0.33.5' ],
550 silly audit   '@img/sharp-wasm32': [ '0.33.5' ],
550 silly audit   '@img/sharp-win32-ia32': [ '0.33.5' ],
550 silly audit   '@img/sharp-win32-x64': [ '0.33.5' ],
550 silly audit   '@jridgewell/gen-mapping': [ '0.3.13' ],
550 silly audit   '@jridgewell/remapping': [ '2.3.5' ],
550 silly audit   '@jridgewell/resolve-uri': [ '3.1.2' ],
550 silly audit   '@jridgewell/sourcemap-codec': [ '1.5.5' ],
550 silly audit   '@jridgewell/trace-mapping': [ '0.3.31' ],
550 silly audit   '@nodelib/fs.scandir': [ '2.1.5' ],
550 silly audit   '@nodelib/fs.stat': [ '2.0.5' ],
550 silly audit   '@nodelib/fs.walk': [ '1.2.8' ],
550 silly audit   '@oslojs/encoding': [ '1.1.0' ],
550 silly audit   '@rollup/pluginutils': [ '5.4.0' ],
550 silly audit   'estree-walker': [ '2.0.2', '3.0.3' ],
550 silly audit   '@rollup/rollup-android-arm-eabi': [ '4.61.1' ],
550 silly audit   '@rollup/rollup-android-arm64': [ '4.61.1' ],
550 silly audit   '@rollup/rollup-darwin-arm64': [ '4.61.1' ],
550 silly audit   '@rollup/rollup-darwin-x64': [ '4.61.1' ],
550 silly audit   '@rollup/rollup-freebsd-arm64': [ '4.61.1' ],
550 silly audit   '@rollup/rollup-freebsd-x64': [ '4.61.1' ],
550 silly audit   '@rollup/rollup-linux-arm-gnueabihf': [ '4.61.1' ],
550 silly audit   '@rollup/rollup-linux-arm-musleabihf': [ '4.61.1' ],
550 silly audit   '@rollup/rollup-linux-arm64-gnu': [ '4.61.1' ],
550 silly audit   '@rollup/rollup-linux-arm64-musl': [ '4.61.1' ],
550 silly audit   '@rollup/rollup-linux-loong64-gnu': [ '4.61.1' ],
550 silly audit   '@rollup/rollup-linux-loong64-musl': [ '4.61.1' ],
550 silly audit   '@rollup/rollup-linux-ppc64-gnu': [ '4.61.1' ],
550 silly audit   '@rollup/rollup-linux-ppc64-musl': [ '4.61.1' ],
550 silly audit   '@rollup/rollup-linux-riscv64-gnu': [ '4.61.1' ],
550 silly audit   '@rollup/rollup-linux-riscv64-musl': [ '4.61.1' ],
550 silly audit   '@rollup/rollup-linux-s390x-gnu': [ '4.61.1' ],
550 silly audit   '@rollup/rollup-linux-x64-gnu': [ '4.61.1' ],
550 silly audit   '@rollup/rollup-linux-x64-musl': [ '4.61.1' ],
550 silly audit   '@rollup/rollup-openbsd-x64': [ '4.61.1' ],
550 silly audit   '@rollup/rollup-openharmony-arm64': [ '4.61.1' ],
550 silly audit   '@rollup/rollup-win32-arm64-msvc': [ '4.61.1' ],
550 silly audit   '@rollup/rollup-win32-ia32-msvc': [ '4.61.1' ],
550 silly audit   '@rollup/rollup-win32-x64-gnu': [ '4.61.1' ],
550 silly audit   '@rollup/rollup-win32-x64-msvc': [ '4.61.1' ],
550 silly audit   '@shikijs/core': [ '1.29.2' ],
550 silly audit   '@shikijs/engine-javascript': [ '1.29.2' ],
550 silly audit   '@shikijs/engine-oniguruma': [ '1.29.2' ],
550 silly audit   '@shikijs/langs': [ '1.29.2' ],
550 silly audit   '@shikijs/themes': [ '1.29.2' ],
550 silly audit   '@shikijs/types': [ '1.29.2' ],
550 silly audit   '@shikijs/vscode-textmate': [ '10.0.2' ],
550 silly audit   '@tailwindcss/typography': [ '0.5.20' ],
550 silly audit   '@types/babel__core': [ '7.20.5' ],
550 silly audit   '@types/babel__generator': [ '7.27.0' ],
550 silly audit   '@types/babel__template': [ '7.4.4' ],
550 silly audit   '@types/babel__traverse': [ '7.28.0' ],
550 silly audit   '@types/cookie': [ '0.6.0' ],
550 silly audit   '@types/debug': [ '4.1.13' ],
550 silly audit   '@types/estree': [ '1.0.9' ],
550 silly audit   '@types/hast': [ '3.0.4' ],
550 silly audit   '@types/mdast': [ '4.0.4' ],
550 silly audit   '@types/ms': [ '2.1.0' ],
550 silly audit   '@types/nlcst': [ '2.0.3' ],
550 silly audit   '@types/unist': [ '3.0.3' ],
550 silly audit   '@ungap/structured-clone': [ '1.3.1' ],
550 silly audit   '@volar/kit': [ '2.4.28' ],
550 silly audit   '@volar/language-core': [ '2.4.28' ],
550 silly audit   '@volar/language-server': [ '2.4.28' ],
550 silly audit   '@volar/language-service': [ '2.4.28' ],
550 silly audit   '@volar/source-map': [ '2.4.28' ],
550 silly audit   '@volar/typescript': [ '2.4.28' ],
550 silly audit   '@vscode/emmet-helper': [ '2.11.0' ],
550 silly audit   '@vscode/l10n': [ '0.0.18' ],
550 silly audit   acorn: [ '8.16.0' ],
550 silly audit   ajv: [ '8.20.0' ],
550 silly audit   'ajv-draft-04': [ '1.0.0' ],
550 silly audit   'ansi-align': [ '3.0.1' ],
550 silly audit   'ansi-regex': [ '5.0.1', '6.2.2' ],
550 silly audit   'emoji-regex': [ '8.0.0', '10.6.0' ],
550 silly audit   'string-width': [ '4.2.3', '7.2.0' ],
550 silly audit   'strip-ansi': [ '6.0.1', '7.2.0' ],
550 silly audit   'ansi-styles': [ '6.2.3', '4.3.0' ],
550 silly audit   'any-promise': [ '1.3.0' ],
550 silly audit   anymatch: [ '3.1.3' ],
550 silly audit   picomatch: [ '2.3.2', '4.0.4' ],
550 silly audit   arg: [ '5.0.2' ],
550 silly audit   argparse: [ '2.0.1', '1.0.10' ],
550 silly audit   'aria-query': [ '5.3.2' ],
550 silly audit   'array-iterate': [ '2.0.1' ],
550 silly audit   astro: [ '4.16.19' ],
550 silly audit   autoprefixer: [ '10.5.0' ],
550 silly audit   'axobject-query': [ '4.1.0' ],
550 silly audit   bail: [ '2.0.2' ],
550 silly audit   'base-64': [ '1.0.0' ],
550 silly audit   'baseline-browser-mapping': [ '2.10.34' ],
550 silly audit   'binary-extensions': [ '2.3.0' ],
550 silly audit   boxen: [ '8.0.1' ],
550 silly audit   braces: [ '3.0.3' ],
550 silly audit   browserslist: [ '4.28.2' ],
550 silly audit   camelcase: [ '8.0.0' ],
550 silly audit   'camelcase-css': [ '2.0.1' ],
550 silly audit   'caniuse-lite': [ '1.0.30001797' ],
550 silly audit   ccount: [ '2.0.1' ],
550 silly audit   chalk: [ '5.6.2' ],
550 silly audit   'character-entities': [ '2.0.2' ],
550 silly audit   'character-entities-html4': [ '2.1.0' ],
550 silly audit   'character-entities-legacy': [ '3.0.0' ],
550 silly audit   chokidar: [ '3.6.0' ],
550 silly audit   'ci-info': [ '4.4.0' ],
550 silly audit   'cli-boxes': [ '3.0.0' ],
550 silly audit   'cli-cursor': [ '5.0.0' ],
550 silly audit   'cli-spinners': [ '2.9.2' ],
550 silly audit   cliui: [ '8.0.1' ],
550 silly audit   'wrap-ansi': [ '7.0.0', '9.0.2' ],
550 silly audit   clsx: [ '2.1.1' ],
550 silly audit   color: [ '4.2.3' ],
550 silly audit   'color-convert': [ '2.0.1' ],
550 silly audit   'color-name': [ '1.1.4' ],
550 silly audit   'color-string': [ '1.9.1' ],
550 silly audit   'comma-separated-tokens': [ '2.0.3' ],
550 silly audit   commander: [ '4.1.1' ],
550 silly audit   'common-ancestor-path': [ '1.0.1' ],
550 silly audit   'convert-source-map': [ '2.0.0' ],
550 silly audit   cookie: [ '0.7.2' ],
550 silly audit   cssesc: [ '3.0.0' ],
550 silly audit   debug: [ '4.4.3' ],
550 silly audit   'decode-named-character-reference': [ '1.3.0' ],
550 silly audit   dequal: [ '2.0.3' ],
550 silly audit   'detect-libc': [ '2.1.2' ],
550 silly audit   'deterministic-object-hash': [ '2.0.2' ],
550 silly audit   devalue: [ '5.8.1' ],
550 silly audit   devlop: [ '1.1.0' ],
550 silly audit   didyoumean: [ '1.2.2' ],
550 silly audit   diff: [ '5.2.2' ],
550 silly audit   dlv: [ '1.1.3' ],
550 silly audit   dset: [ '3.1.4' ],
550 silly audit   'electron-to-chromium': [ '1.5.369' ],
550 silly audit   emmet: [ '2.4.11' ],
550 silly audit   'emoji-regex-xs': [ '1.0.0' ],
550 silly audit   entities: [ '6.0.1' ],
550 silly audit   'es-errors': [ '1.3.0' ],
550 silly audit   'es-module-lexer': [ '1.7.0' ],
550 silly audit   esbuild: [ '0.21.5' ],
550 silly audit   escalade: [ '3.2.0' ],
550 silly audit   'escape-string-regexp': [ '5.0.0' ],
550 silly audit   esprima: [ '4.0.1' ],
550 silly audit   eventemitter3: [ '5.0.4' ],
550 silly audit   extend: [ '3.0.2' ],
550 silly audit   'extend-shallow': [ '2.0.1' ],
550 silly audit   'fast-deep-equal': [ '3.1.3' ],
550 silly audit   'fast-glob': [ '3.3.3' ],
550 silly audit   'fast-uri': [ '3.1.2' ],
550 silly audit   fastq: [ '1.20.1' ],
550 silly audit   fdir: [ '6.5.0' ],
550 silly audit   'fill-range': [ '7.1.1' ],
550 silly audit   'find-up': [ '4.1.0' ],
550 silly audit   'find-up-simple': [ '1.0.1' ],
550 silly audit   'find-yarn-workspace-root2': [ '1.2.16' ],
550 silly audit   flattie: [ '1.1.1' ],
550 silly audit   'fraction.js': [ '5.3.4' ],
550 silly audit   fsevents: [ '2.3.3' ],
550 silly audit   'function-bind': [ '1.1.2' ],
550 silly audit   gensync: [ '1.0.0-beta.2' ],
550 silly audit   'get-caller-file': [ '2.0.5' ],
550 silly audit   'get-east-asian-width': [ '1.6.0' ],
550 silly audit   'github-slugger': [ '2.0.0' ],
550 silly audit   'glob-parent': [ '5.1.2', '6.0.2' ],
550 silly audit   'graceful-fs': [ '4.2.11' ],
550 silly audit   'js-yaml': [ '4.2.0', '3.14.2' ],
550 silly audit   hasown: [ '2.0.4' ],
550 silly audit   'hast-util-from-html': [ '2.0.3' ],
550 silly audit   'hast-util-from-parse5': [ '8.0.3' ],
550 silly audit   'hast-util-is-element': [ '3.0.0' ],
550 silly audit   'hast-util-parse-selector': [ '4.0.0' ],
550 silly audit   'hast-util-raw': [ '9.1.0' ],
550 silly audit   'hast-util-to-html': [ '9.0.5' ],
550 silly audit   'hast-util-to-parse5': [ '8.0.1' ],
550 silly audit   'hast-util-to-text': [ '4.0.2' ],
550 silly audit   'hast-util-whitespace': [ '3.0.0' ],
550 silly audit   hastscript: [ '9.0.1' ],
550 silly audit   'html-escaper': [ '3.0.3' ],
550 silly audit   'html-void-elements': [ '3.0.0' ],
550 silly audit   'http-cache-semantics': [ '4.2.0' ],
550 silly audit   'import-meta-resolve': [ '4.2.0' ],
550 silly audit   'is-arrayish': [ '0.3.4' ],
550 silly audit   'is-binary-path': [ '2.1.0' ],
550 silly audit   'is-core-module': [ '2.16.2' ],
550 silly audit   'is-docker': [ '3.0.0' ],
550 silly audit   'is-extendable': [ '0.1.1' ],
550 silly audit   'is-extglob': [ '2.1.1' ],
550 silly audit   'is-fullwidth-code-point': [ '3.0.0' ],
550 silly audit   'is-glob': [ '4.0.3' ],
550 silly audit   'is-inside-container': [ '1.0.0' ],
550 silly audit   'is-interactive': [ '2.0.0' ],
550 silly audit   'is-number': [ '7.0.0' ],
550 silly audit   'is-plain-obj': [ '4.1.0' ],
550 silly audit   'is-unicode-supported': [ '2.1.0', '1.3.0' ],
550 silly audit   'is-wsl': [ '3.1.1' ],
550 silly audit   jiti: [ '1.21.7' ],
550 silly audit   'js-tokens': [ '4.0.0' ],
550 silly audit   jsesc: [ '3.1.0' ],
550 silly audit   'json-schema-traverse': [ '1.0.0' ],
550 silly audit   json5: [ '2.2.3' ],
550 silly audit   'jsonc-parser': [ '2.3.1', '3.3.1' ],
550 silly audit   'kind-of': [ '6.0.3' ],
550 silly audit   kleur: [ '4.1.5', '3.0.3' ],
550 silly audit   lilconfig: [ '3.1.3' ],
550 silly audit   'lines-and-columns': [ '1.2.4' ],
550 silly audit   'load-yaml-file': [ '0.2.0' ],
550 silly audit   pify: [ '4.0.1', '2.3.0' ],
550 silly audit   'locate-path': [ '5.0.0' ],
550 silly audit   'log-symbols': [ '6.0.0' ],
550 silly audit   'longest-streak': [ '3.1.0' ],
550 silly audit   'lru-cache': [ '5.1.1' ],
550 silly audit   'magic-string': [ '0.30.21' ],
550 silly audit   magicast: [ '0.3.5' ],
550 silly audit   'markdown-table': [ '3.0.4' ],
550 silly audit   'mdast-util-definitions': [ '6.0.0' ],
550 silly audit   'mdast-util-find-and-replace': [ '3.0.2' ],
550 silly audit   'mdast-util-from-markdown': [ '2.0.3' ],
550 silly audit   'mdast-util-gfm': [ '3.1.0' ],
550 silly audit   'mdast-util-gfm-autolink-literal': [ '2.0.1' ],
550 silly audit   'mdast-util-gfm-footnote': [ '2.1.0' ],
550 silly audit   'mdast-util-gfm-strikethrough': [ '2.0.0' ],
550 silly audit   'mdast-util-gfm-table': [ '2.0.0' ],
550 silly audit   'mdast-util-gfm-task-list-item': [ '2.0.0' ],
550 silly audit   'mdast-util-phrasing': [ '4.1.0' ],
550 silly audit   'mdast-util-to-hast': [ '13.2.1' ],
550 silly audit   'mdast-util-to-markdown': [ '2.1.2' ],
550 silly audit   'mdast-util-to-string': [ '4.0.0' ],
550 silly audit   merge2: [ '1.4.1' ],
550 silly audit   micromark: [ '4.0.2' ],
550 silly audit   'micromark-core-commonmark': [ '2.0.3' ],
550 silly audit   'micromark-extension-gfm': [ '3.0.0' ],
550 silly audit   'micromark-extension-gfm-autolink-literal': [ '2.1.0' ],
550 silly audit   'micromark-extension-gfm-footnote': [ '2.1.0' ],
550 silly audit   'micromark-extension-gfm-strikethrough': [ '2.1.0' ],
550 silly audit   'micromark-extension-gfm-table': [ '2.1.1' ],
550 silly audit   'micromark-extension-gfm-tagfilter': [ '2.0.0' ],
550 silly audit   'micromark-extension-gfm-task-list-item': [ '2.1.0' ],
550 silly audit   'micromark-factory-destination': [ '2.0.1' ],
550 silly audit   'micromark-factory-label': [ '2.0.1' ],
550 silly audit   'micromark-factory-space': [ '2.0.1' ],
550 silly audit   'micromark-factory-title': [ '2.0.1' ],
550 silly audit   'micromark-factory-whitespace': [ '2.0.1' ],
550 silly audit   'micromark-util-character': [ '2.1.1' ],
550 silly audit   'micromark-util-chunked': [ '2.0.1' ],
550 silly audit   'micromark-util-classify-character': [ '2.0.1' ],
550 silly audit   'micromark-util-combine-extensions': [ '2.0.1' ],
550 silly audit   'micromark-util-decode-numeric-character-reference': [ '2.0.2' ],
550 silly audit   'micromark-util-decode-string': [ '2.0.1' ],
550 silly audit   'micromark-util-encode': [ '2.0.1' ],
550 silly audit   'micromark-util-html-tag-name': [ '2.0.1' ],
550 silly audit   'micromark-util-normalize-identifier': [ '2.0.1' ],
550 silly audit   'micromark-util-resolve-all': [ '2.0.1' ],
550 silly audit   'micromark-util-sanitize-uri': [ '2.0.1' ],
550 silly audit   'micromark-util-subtokenize': [ '2.1.0' ],
550 silly audit   'micromark-util-symbol': [ '2.0.1' ],
550 silly audit   'micromark-util-types': [ '2.0.2' ],
550 silly audit   micromatch: [ '4.0.8' ],
550 silly audit   'mimic-function': [ '5.0.1' ],
550 silly audit   mrmime: [ '2.0.1' ],
550 silly audit   ms: [ '2.1.3' ],
550 silly audit   'muggle-string': [ '0.4.1' ],
550 silly audit   mz: [ '2.7.0' ],
550 silly audit   nanoid: [ '3.3.12' ],
550 silly audit   neotraverse: [ '0.6.18' ],
550 silly audit   'nlcst-to-string': [ '4.0.0' ],
550 silly audit   'node-releases': [ '2.0.47' ],
550 silly audit   'normalize-path': [ '3.0.0' ],
550 silly audit   'object-assign': [ '4.1.1' ],
550 silly audit   'object-hash': [ '3.0.0' ],
550 silly audit   onetime: [ '7.0.0' ],
550 silly audit   'oniguruma-to-es': [ '2.3.0' ],
550 silly audit   ora: [ '8.2.0' ],
550 silly audit   'p-limit': [ '6.2.0', '2.3.0' ],
550 silly audit   'p-locate': [ '4.1.0' ],
550 silly audit   'p-queue': [ '8.1.1' ],
550 silly audit   'p-timeout': [ '6.1.4' ],
550 silly audit   'p-try': [ '2.2.0' ],
550 silly audit   'parse-latin': [ '7.0.0' ],
550 silly audit   parse5: [ '7.3.0' ],
550 silly audit   'path-browserify': [ '1.0.1' ],
550 silly audit   'path-exists': [ '4.0.0' ],
550 silly audit   'path-parse': [ '1.0.7' ],
550 silly audit   picocolors: [ '1.1.1' ],
550 silly audit   pirates: [ '4.0.7' ],
550 silly audit   'pkg-dir': [ '4.2.0' ],
550 silly audit   postcss: [ '8.5.15' ],
550 silly audit   'postcss-import': [ '15.1.0' ],
550 silly audit   'postcss-js': [ '4.1.0' ],
550 silly audit   'postcss-load-config': [ '4.0.2' ],
550 silly audit   'postcss-nested': [ '6.2.0' ],
550 silly audit   'postcss-selector-parser': [ '6.1.2', '6.0.10' ],
550 silly audit   'postcss-value-parser': [ '4.2.0' ],
550 silly audit   'preferred-pm': [ '4.1.1' ],
550 silly audit   prettier: [ '3.8.3' ],
550 silly audit   prismjs: [ '1.30.0' ],
550 silly audit   prompts: [ '2.4.2' ],
550 silly audit   'property-information': [ '7.2.0' ],
550 silly audit   'queue-microtask': [ '1.2.3' ],
550 silly audit   'read-cache': [ '1.0.0' ],
550 silly audit   readdirp: [ '3.6.0' ],
550 silly audit   regex: [ '5.1.1' ],
550 silly audit   'regex-recursion': [ '5.1.1' ],
550 silly audit   'regex-utilities': [ '2.3.0' ],
550 silly audit   rehype: [ '13.0.2' ],
550 silly audit   'rehype-parse': [ '9.0.1' ],
550 silly audit   'rehype-raw': [ '7.0.0' ],
550 silly audit   'rehype-stringify': [ '10.0.1' ],
550 silly audit   'remark-gfm': [ '4.0.1' ],
550 silly audit   'remark-parse': [ '11.0.0' ],
550 silly audit   'remark-rehype': [ '11.1.2' ],
550 silly audit   'remark-smartypants': [ '3.0.2' ],
550 silly audit   'remark-stringify': [ '11.0.0' ],
550 silly audit   'request-light': [ '0.7.0', '0.5.8' ],
550 silly audit   'require-directory': [ '2.1.1' ],
550 silly audit   'require-from-string': [ '2.0.2' ],
550 silly audit   resolve: [ '1.22.12' ],
550 silly audit   'restore-cursor': [ '5.1.0' ],
550 silly audit   retext: [ '9.0.0' ],
550 silly audit   'retext-latin': [ '4.0.0' ],
550 silly audit   'retext-smartypants': [ '6.2.0' ],
550 silly audit   'retext-stringify': [ '4.0.0' ],
550 silly audit   reusify: [ '1.1.0' ],
550 silly audit   rollup: [ '4.61.1' ],
550 silly audit   'run-parallel': [ '1.2.0' ],
550 silly audit   'section-matter': [ '1.0.0' ],
550 silly audit   sharp: [ '0.33.5' ],
550 silly audit   shiki: [ '1.29.2' ],
550 silly audit   'signal-exit': [ '4.1.0' ],
550 silly audit   'simple-swizzle': [ '0.2.4' ],
550 silly audit   sisteransi: [ '1.0.5' ],
550 silly audit   'source-map-js': [ '1.2.1' ],
550 silly audit   'space-separated-tokens': [ '2.0.2' ],
550 silly audit   'sprintf-js': [ '1.0.3' ],
550 silly audit   'stdin-discarder': [ '0.2.2' ],
550 silly audit   'stringify-entities': [ '4.0.4' ],
550 silly audit   'strip-bom': [ '3.0.0' ],
550 silly audit   'strip-bom-string': [ '1.0.0' ],
550 silly audit   sucrase: [ '3.35.1' ],
550 silly audit   'supports-preserve-symlinks-flag': [ '1.0.0' ],
550 silly audit   tailwindcss: [ '3.4.19' ],
550 silly audit   thenify: [ '3.3.1' ],
550 silly audit   'thenify-all': [ '1.6.0' ],
550 silly audit   tinyexec: [ '0.3.2' ],
550 silly audit   tinyglobby: [ '0.2.17' ],
550 silly audit   'to-regex-range': [ '5.0.1' ],
550 silly audit   'trim-lines': [ '3.0.1' ],
550 silly audit   trough: [ '2.2.0' ],
550 silly audit   'ts-interface-checker': [ '0.1.13' ],
550 silly audit   tsconfck: [ '3.1.6' ],
550 silly audit   tslib: [ '2.8.1' ],
550 silly audit   'type-fest': [ '4.41.0' ],
550 silly audit   'typesafe-path': [ '0.2.2' ],
550 silly audit   typescript: [ '5.9.3' ],
550 silly audit   'typescript-auto-import-cache': [ '0.3.6' ],
550 silly audit   unified: [ '11.0.5' ],
550 silly audit   'unist-util-find-after': [ '5.0.0' ],
550 silly audit   'unist-util-is': [ '6.0.1' ],
550 silly audit   'unist-util-modify-children': [ '4.0.0' ],
550 silly audit   'unist-util-position': [ '5.0.0' ],
550 silly audit   'unist-util-remove-position': [ '5.0.0' ],
550 silly audit   'unist-util-stringify-position': [ '4.0.0' ],
550 silly audit   'unist-util-visit': [ '5.1.0' ],
550 silly audit   'unist-util-visit-children': [ '3.0.0' ],
550 silly audit   'unist-util-visit-parents': [ '6.0.2' ],
550 silly audit   'update-browserslist-db': [ '1.2.3' ],
550 silly audit   'util-deprecate': [ '1.0.2' ],
550 silly audit   vfile: [ '6.0.3' ],
550 silly audit   'vfile-location': [ '5.0.3' ],
550 silly audit   'vfile-message': [ '4.0.3' ],
550 silly audit   vite: [ '5.4.21' ],
550 silly audit   vitefu: [ '1.1.3' ],
550 silly audit   'volar-service-css': [ '0.0.70' ],
550 silly audit   'volar-service-emmet': [ '0.0.70' ],
550 silly audit   'volar-service-html': [ '0.0.70' ],
550 silly audit   'volar-service-prettier': [ '0.0.70' ],
550 silly audit   'volar-service-typescript': [ '0.0.70' ],
550 silly audit   'volar-service-typescript-twoslash-queries': [ '0.0.70' ],
550 silly audit   'volar-service-yaml': [ '0.0.70' ],
550 silly audit   'vscode-css-languageservice': [ '6.3.10' ],
550 silly audit   'vscode-languageserver-types': [ '3.17.5', '3.18.0' ],
550 silly audit   'vscode-html-languageservice': [ '5.6.2' ],
550 silly audit   'vscode-json-languageservice': [ '4.1.8' ],
550 silly audit   'vscode-jsonrpc': [ '9.0.0', '8.2.0' ],
550 silly audit   'vscode-languageserver': [ '9.0.1' ],
550 silly audit   'vscode-languageserver-protocol': [ '3.18.0', '3.17.5' ],
550 silly audit   'vscode-languageserver-textdocument': [ '1.0.12' ],
550 silly audit   'vscode-nls': [ '5.2.0' ],
550 silly audit   'vscode-uri': [ '3.1.0' ],
550 silly audit   'web-namespaces': [ '2.0.1' ],
550 silly audit   'which-pm': [ '3.0.1' ],
550 silly audit   'which-pm-runs': [ '1.1.0' ],
550 silly audit   'widest-line': [ '5.0.0' ],
550 silly audit   'xxhash-wasm': [ '1.1.0' ],
550 silly audit   y18n: [ '5.0.8' ],
550 silly audit   yallist: [ '3.1.1', '5.0.0' ],
550 silly audit   yaml: [ '2.9.0', '2.7.1' ],
550 silly audit   'yaml-language-server': [ '1.20.0' ],
550 silly audit   yargs: [ '17.7.2' ],
550 silly audit   'yargs-parser': [ '21.1.1' ],
550 silly audit   'yocto-queue': [ '1.2.2' ],
550 silly audit   zod: [ '3.25.76' ],
550 silly audit   'zod-to-json-schema': [ '3.25.2' ],
550 silly audit   'zod-to-ts': [ '1.2.0' ],
550 silly audit   zwitch: [ '2.0.4' ],
550 silly audit   '@astrojs/vercel': [ '7.8.2' ],
550 silly audit   '@octokit/rest': [ '22.0.1' ],
550 silly audit   '@types/node': [ '26.2.0' ],
550 silly audit   'gray-matter': [ '4.0.3' ],
550 silly audit   jose: [ '6.2.10' ],
550 silly audit   '@vercel/analytics': [ '1.6.1' ],
550 silly audit   '@vercel/edge': [ '1.3.3' ],
550 silly audit   '@vercel/nft': [ '0.27.10' ],
550 silly audit   'web-vitals': [ '3.5.2' ],
550 silly audit   '@octokit/core': [ '7.0.7' ],
550 silly audit   '@octokit/plugin-paginate-rest': [ '14.0.0' ],
550 silly audit   '@octokit/plugin-request-log': [ '6.0.0' ],
550 silly audit   '@octokit/plugin-rest-endpoint-methods': [ '17.0.0' ],
550 silly audit   '@octokit/auth-token': [ '6.0.0' ],
550 silly audit   '@octokit/graphql': [ '9.0.4' ],
550 silly audit   '@octokit/request': [ '10.0.15' ],
550 silly audit   '@octokit/request-error': [ '7.1.1' ],
550 silly audit   '@octokit/types': [ '17.0.0', '16.0.0' ],
550 silly audit   'before-after-hook': [ '4.0.0' ],
550 silly audit   'universal-user-agent': [ '7.0.3' ],
550 silly audit   '@octokit/endpoint': [ '11.0.4' ],
550 silly audit   'content-type': [ '3.0.0' ],
550 silly audit   'json-with-bigint': [ '3.5.12' ],
550 silly audit   '@octokit/openapi-types': [ '28.0.0', '27.0.0' ],
550 silly audit   'undici-types': [ '8.3.0' ],
550 silly audit   '@mapbox/node-pre-gyp': [ '2.0.3' ],
550 silly audit   'acorn-import-attributes': [ '1.9.5' ],
550 silly audit   'async-sema': [ '3.1.1' ],
550 silly audit   bindings: [ '1.5.0' ],
550 silly audit   glob: [ '7.2.3' ],
550 silly audit   'node-gyp-build': [ '4.8.4' ],
550 silly audit   'resolve-from': [ '5.0.0' ],
550 silly audit   consola: [ '3.4.2' ],
550 silly audit   'https-proxy-agent': [ '7.0.6' ],
550 silly audit   'node-fetch': [ '2.7.0' ],
550 silly audit   nopt: [ '8.1.0' ],
550 silly audit   tar: [ '7.5.22' ],
550 silly audit   'file-uri-to-path': [ '1.0.0' ],
550 silly audit   'fs.realpath': [ '1.0.0' ],
550 silly audit   inflight: [ '1.0.6' ],
550 silly audit   inherits: [ '2.0.4' ],
550 silly audit   minimatch: [ '3.1.5' ],
550 silly audit   once: [ '1.4.0' ],
550 silly audit   'path-is-absolute': [ '1.0.1' ],
550 silly audit   'agent-base': [ '7.1.4' ],
550 silly audit   wrappy: [ '1.0.2' ],
550 silly audit   'brace-expansion': [ '1.1.18' ],
550 silly audit   'balanced-match': [ '1.0.2' ],
550 silly audit   'concat-map': [ '0.0.1' ],
550 silly audit   'whatwg-url': [ '5.0.0' ],
550 silly audit   abbrev: [ '3.0.1' ],
550 silly audit   '@isaacs/fs-minipass': [ '4.0.1' ],
550 silly audit   chownr: [ '3.0.0' ],
550 silly audit   minipass: [ '7.1.3' ],
550 silly audit   minizlib: [ '3.1.0' ],
550 silly audit   tr46: [ '0.0.3' ],
550 silly audit   'webidl-conversions': [ '3.0.1' ]
550 silly audit }
551 verbose reify failed optional dependency D:\00 刘盛雄知识库\00 myblog\node_modules\fsevents
552 silly reify mark deleted [ 'D:\\00 刘盛雄知识库\\00 myblog\\node_modules\\fsevents' ]
553 verbose reify failed optional dependency D:\00 刘盛雄知识库\00 myblog\node_modules\@rollup\rollup-win32-ia32-msvc
554 silly reify mark deleted [
554 silly reify   'D:\\00 刘盛雄知识库\\00 myblog\\node_modules\\@rollup\\rollup-win32-ia32-msvc'
554 silly reify ]
555 verbose reify failed optional dependency D:\00 刘盛雄知识库\00 myblog\node_modules\@rollup\rollup-win32-arm64-msvc
556 silly reify mark deleted [
556 silly reify   'D:\\00 刘盛雄知识库\\00 myblog\\node_modules\\@rollup\\rollup-win32-arm64-msvc'
556 silly reify ]
557 verbose reify failed optional dependency D:\00 刘盛雄知识库\00 myblog\node_modules\@rollup\rollup-openharmony-arm64
558 silly reify mark deleted [
558 silly reify   'D:\\00 刘盛雄知识库\\00 myblog\\node_modules\\@rollup\\rollup-openharmony-arm64'
558 silly reify ]
559 verbose reify failed optional dependency D:\00 刘盛雄知识库\00 myblog\node_modules\@rollup\rollup-openbsd-x64
560 silly reify mark deleted [
560 silly reify   'D:\\00 刘盛雄知识库\\00 myblog\\node_modules\\@rollup\\rollup-openbsd-x64'
560 silly reify ]
561 verbose reify failed optional dependency D:\00 刘盛雄知识库\00 myblog\node_modules\@rollup\rollup-linux-x64-musl
562 silly reify mark deleted [
562 silly reify   'D:\\00 刘盛雄知识库\\00 myblog\\node_modules\\@rollup\\rollup-linux-x64-musl'
562 silly reify ]
563 verbose reify failed optional dependency D:\00 刘盛雄知识库\00 myblog\node_modules\@rollup\rollup-linux-x64-gnu
564 silly reify mark deleted [
564 silly reify   'D:\\00 刘盛雄知识库\\00 myblog\\node_modules\\@rollup\\rollup-linux-x64-gnu'
564 silly reify ]
565 verbose reify failed optional dependency D:\00 刘盛雄知识库\00 myblog\node_modules\@rollup\rollup-linux-s390x-gnu
566 silly reify mark deleted [
566 silly reify   'D:\\00 刘盛雄知识库\\00 myblog\\node_modules\\@rollup\\rollup-linux-s390x-gnu'
566 silly reify ]
567 verbose reify failed optional dependency D:\00 刘盛雄知识库\00 myblog\node_modules\@rollup\rollup-linux-riscv64-musl
568 silly reify mark deleted [
568 silly reify   'D:\\00 刘盛雄知识库\\00 myblog\\node_modules\\@rollup\\rollup-linux-riscv64-musl'
568 silly reify ]
569 verbose reify failed optional dependency D:\00 刘盛雄知识库\00 myblog\node_modules\@rollup\rollup-linux-riscv64-gnu
570 silly reify mark deleted [
570 silly reify   'D:\\00 刘盛雄知识库\\00 myblog\\node_modules\\@rollup\\rollup-linux-riscv64-gnu'
570 silly reify ]
571 verbose reify failed optional dependency D:\00 刘盛雄知识库\00 myblog\node_modules\@rollup\rollup-linux-ppc64-musl
572 silly reify mark deleted [
572 silly reify   'D:\\00 刘盛雄知识库\\00 myblog\\node_modules\\@rollup\\rollup-linux-ppc64-musl'
572 silly reify ]
573 verbose reify failed optional dependency D:\00 刘盛雄知识库\00 myblog\node_modules\@rollup\rollup-linux-ppc64-gnu
574 silly reify mark deleted [
574 silly reify   'D:\\00 刘盛雄知识库\\00 myblog\\node_modules\\@rollup\\rollup-linux-ppc64-gnu'
574 silly reify ]
575 verbose reify failed optional dependency D:\00 刘盛雄知识库\00 myblog\node_modules\@rollup\rollup-linux-loong64-musl
576 silly reify mark deleted [
576 silly reify   'D:\\00 刘盛雄知识库\\00 myblog\\node_modules\\@rollup\\rollup-linux-loong64-musl'
576 silly reify ]
577 verbose reify failed optional dependency D:\00 刘盛雄知识库\00 myblog\node_modules\@rollup\rollup-linux-loong64-gnu
578 silly reify mark deleted [
578 silly reify   'D:\\00 刘盛雄知识库\\00 myblog\\node_modules\\@rollup\\rollup-linux-loong64-gnu'
578 silly reify ]
579 verbose reify failed optional dependency D:\00 刘盛雄知识库\00 myblog\node_modules\@rollup\rollup-linux-arm64-musl
580 silly reify mark deleted [
580 silly reify   'D:\\00 刘盛雄知识库\\00 myblog\\node_modules\\@rollup\\rollup-linux-arm64-musl'
580 silly reify ]
581 verbose reify failed optional dependency D:\00 刘盛雄知识库\00 myblog\node_modules\@rollup\rollup-linux-arm64-gnu
582 silly reify mark deleted [
582 silly reify   'D:\\00 刘盛雄知识库\\00 myblog\\node_modules\\@rollup\\rollup-linux-arm64-gnu'
582 silly reify ]
583 verbose reify failed optional dependency D:\00 刘盛雄知识库\00 myblog\node_modules\@rollup\rollup-linux-arm-musleabihf
584 silly reify mark deleted [
584 silly reify   'D:\\00 刘盛雄知识库\\00 myblog\\node_modules\\@rollup\\rollup-linux-arm-musleabihf'
584 silly reify ]
585 verbose reify failed optional dependency D:\00 刘盛雄知识库\00 myblog\node_modules\@rollup\rollup-linux-arm-gnueabihf
586 silly reify mark deleted [
586 silly reify   'D:\\00 刘盛雄知识库\\00 myblog\\node_modules\\@rollup\\rollup-linux-arm-gnueabihf'
586 silly reify ]
587 verbose reify failed optional dependency D:\00 刘盛雄知识库\00 myblog\node_modules\@rollup\rollup-freebsd-x64
588 silly reify mark deleted [
588 silly reify   'D:\\00 刘盛雄知识库\\00 myblog\\node_modules\\@rollup\\rollup-freebsd-x64'
588 silly reify ]
589 verbose reify failed optional dependency D:\00 刘盛雄知识库\00 myblog\node_modules\@rollup\rollup-freebsd-arm64
590 silly reify mark deleted [
590 silly reify   'D:\\00 刘盛雄知识库\\00 myblog\\node_modules\\@rollup\\rollup-freebsd-arm64'
590 silly reify ]
591 verbose reify failed optional dependency D:\00 刘盛雄知识库\00 myblog\node_modules\@rollup\rollup-darwin-x64
592 silly reify mark deleted [
592 silly reify   'D:\\00 刘盛雄知识库\\00 myblog\\node_modules\\@rollup\\rollup-darwin-x64'
592 silly reify ]
593 verbose reify failed optional dependency D:\00 刘盛雄知识库\00 myblog\node_modules\@rollup\rollup-darwin-arm64
594 silly reify mark deleted [
594 silly reify   'D:\\00 刘盛雄知识库\\00 myblog\\node_modules\\@rollup\\rollup-darwin-arm64'
594 silly reify ]
595 verbose reify failed optional dependency D:\00 刘盛雄知识库\00 myblog\node_modules\@rollup\rollup-android-arm64
596 silly reify mark deleted [
596 silly reify   'D:\\00 刘盛雄知识库\\00 myblog\\node_modules\\@rollup\\rollup-android-arm64'
596 silly reify ]
597 verbose reify failed optional dependency D:\00 刘盛雄知识库\00 myblog\node_modules\@rollup\rollup-android-arm-eabi
598 silly reify mark deleted [
598 silly reify   'D:\\00 刘盛雄知识库\\00 myblog\\node_modules\\@rollup\\rollup-android-arm-eabi'
598 silly reify ]
599 verbose reify failed optional dependency D:\00 刘盛雄知识库\00 myblog\node_modules\@img\sharp-win32-ia32
600 silly reify mark deleted [ 'D:\\00 刘盛雄知识库\\00 myblog\\node_modules\\@img\\sharp-win32-ia32' ]
601 verbose reify failed optional dependency D:\00 刘盛雄知识库\00 myblog\node_modules\@img\sharp-wasm32
602 silly reify mark deleted [ 'D:\\00 刘盛雄知识库\\00 myblog\\node_modules\\@img\\sharp-wasm32' ]
603 verbose reify failed optional dependency D:\00 刘盛雄知识库\00 myblog\node_modules\@emnapi\runtime
604 silly reify mark deleted [ 'D:\\00 刘盛雄知识库\\00 myblog\\node_modules\\@emnapi\\runtime' ]
605 verbose reify failed optional dependency D:\00 刘盛雄知识库\00 myblog\node_modules\tslib
606 silly reify mark deleted [ 'D:\\00 刘盛雄知识库\\00 myblog\\node_modules\\tslib' ]
607 verbose reify failed optional dependency D:\00 刘盛雄知识库\00 myblog\node_modules\@img\sharp-linuxmusl-x64
608 silly reify mark deleted [ 'D:\\00 刘盛雄知识库\\00 myblog\\node_modules\\@img\\sharp-linuxmusl-x64' ]
609 verbose reify failed optional dependency D:\00 刘盛雄知识库\00 myblog\node_modules\@img\sharp-linuxmusl-arm64
610 silly reify mark deleted [
610 silly reify   'D:\\00 刘盛雄知识库\\00 myblog\\node_modules\\@img\\sharp-linuxmusl-arm64'
610 silly reify ]
611 verbose reify failed optional dependency D:\00 刘盛雄知识库\00 myblog\node_modules\@img\sharp-linux-x64
612 silly reify mark deleted [ 'D:\\00 刘盛雄知识库\\00 myblog\\node_modules\\@img\\sharp-linux-x64' ]
613 verbose reify failed optional dependency D:\00 刘盛雄知识库\00 myblog\node_modules\@img\sharp-linux-s390x
614 silly reify mark deleted [ 'D:\\00 刘盛雄知识库\\00 myblog\\node_modules\\@img\\sharp-linux-s390x' ]
615 verbose reify failed optional dependency D:\00 刘盛雄知识库\00 myblog\node_modules\@img\sharp-linux-arm64
616 silly reify mark deleted [ 'D:\\00 刘盛雄知识库\\00 myblog\\node_modules\\@img\\sharp-linux-arm64' ]
617 verbose reify failed optional dependency D:\00 刘盛雄知识库\00 myblog\node_modules\@img\sharp-linux-arm
618 silly reify mark deleted [ 'D:\\00 刘盛雄知识库\\00 myblog\\node_modules\\@img\\sharp-linux-arm' ]
619 verbose reify failed optional dependency D:\00 刘盛雄知识库\00 myblog\node_modules\@img\sharp-libvips-linuxmusl-x64
620 silly reify mark deleted [
620 silly reify   'D:\\00 刘盛雄知识库\\00 myblog\\node_modules\\@img\\sharp-libvips-linuxmusl-x64'
620 silly reify ]
621 verbose reify failed optional dependency D:\00 刘盛雄知识库\00 myblog\node_modules\@img\sharp-libvips-linuxmusl-arm64
622 silly reify mark deleted [
622 silly reify   'D:\\00 刘盛雄知识库\\00 myblog\\node_modules\\@img\\sharp-libvips-linuxmusl-arm64'
622 silly reify ]
623 verbose reify failed optional dependency D:\00 刘盛雄知识库\00 myblog\node_modules\@img\sharp-libvips-linux-x64
624 silly reify mark deleted [
624 silly reify   'D:\\00 刘盛雄知识库\\00 myblog\\node_modules\\@img\\sharp-libvips-linux-x64'
624 silly reify ]
625 verbose reify failed optional dependency D:\00 刘盛雄知识库\00 myblog\node_modules\@img\sharp-libvips-linux-s390x
626 silly reify mark deleted [
626 silly reify   'D:\\00 刘盛雄知识库\\00 myblog\\node_modules\\@img\\sharp-libvips-linux-s390x'
626 silly reify ]
627 verbose reify failed optional dependency D:\00 刘盛雄知识库\00 myblog\node_modules\@img\sharp-libvips-linux-arm64
628 silly reify mark deleted [
628 silly reify   'D:\\00 刘盛雄知识库\\00 myblog\\node_modules\\@img\\sharp-libvips-linux-arm64'
628 silly reify ]
629 verbose reify failed optional dependency D:\00 刘盛雄知识库\00 myblog\node_modules\@img\sharp-libvips-linux-arm
630 silly reify mark deleted [
630 silly reify   'D:\\00 刘盛雄知识库\\00 myblog\\node_modules\\@img\\sharp-libvips-linux-arm'
630 silly reify ]
631 verbose reify failed optional dependency D:\00 刘盛雄知识库\00 myblog\node_modules\@img\sharp-libvips-darwin-x64
632 silly reify mark deleted [
632 silly reify   'D:\\00 刘盛雄知识库\\00 myblog\\node_modules\\@img\\sharp-libvips-darwin-x64'
632 silly reify ]
633 verbose reify failed optional dependency D:\00 刘盛雄知识库\00 myblog\node_modules\@img\sharp-libvips-darwin-arm64
634 silly reify mark deleted [
634 silly reify   'D:\\00 刘盛雄知识库\\00 myblog\\node_modules\\@img\\sharp-libvips-darwin-arm64'
634 silly reify ]
635 verbose reify failed optional dependency D:\00 刘盛雄知识库\00 myblog\node_modules\@img\sharp-darwin-x64
636 silly reify mark deleted [ 'D:\\00 刘盛雄知识库\\00 myblog\\node_modules\\@img\\sharp-darwin-x64' ]
637 verbose reify failed optional dependency D:\00 刘盛雄知识库\00 myblog\node_modules\@img\sharp-darwin-arm64
638 silly reify mark deleted [ 'D:\\00 刘盛雄知识库\\00 myblog\\node_modules\\@img\\sharp-darwin-arm64' ]
639 verbose reify failed optional dependency D:\00 刘盛雄知识库\00 myblog\node_modules\@esbuild\win32-ia32
640 silly reify mark deleted [ 'D:\\00 刘盛雄知识库\\00 myblog\\node_modules\\@esbuild\\win32-ia32' ]
641 verbose reify failed optional dependency D:\00 刘盛雄知识库\00 myblog\node_modules\@esbuild\win32-arm64
642 silly reify mark deleted [ 'D:\\00 刘盛雄知识库\\00 myblog\\node_modules\\@esbuild\\win32-arm64' ]
643 verbose reify failed optional dependency D:\00 刘盛雄知识库\00 myblog\node_modules\@esbuild\sunos-x64
644 silly reify mark deleted [ 'D:\\00 刘盛雄知识库\\00 myblog\\node_modules\\@esbuild\\sunos-x64' ]
645 verbose reify failed optional dependency D:\00 刘盛雄知识库\00 myblog\node_modules\@esbuild\openbsd-x64
646 silly reify mark deleted [ 'D:\\00 刘盛雄知识库\\00 myblog\\node_modules\\@esbuild\\openbsd-x64' ]
647 verbose reify failed optional dependency D:\00 刘盛雄知识库\00 myblog\node_modules\@esbuild\netbsd-x64
648 silly reify mark deleted [ 'D:\\00 刘盛雄知识库\\00 myblog\\node_modules\\@esbuild\\netbsd-x64' ]
649 verbose reify failed optional dependency D:\00 刘盛雄知识库\00 myblog\node_modules\@esbuild\linux-x64
650 silly reify mark deleted [ 'D:\\00 刘盛雄知识库\\00 myblog\\node_modules\\@esbuild\\linux-x64' ]
651 verbose reify failed optional dependency D:\00 刘盛雄知识库\00 myblog\node_modules\@esbuild\linux-s390x
652 silly reify mark deleted [ 'D:\\00 刘盛雄知识库\\00 myblog\\node_modules\\@esbuild\\linux-s390x' ]
653 verbose reify failed optional dependency D:\00 刘盛雄知识库\00 myblog\node_modules\@esbuild\linux-riscv64
654 silly reify mark deleted [ 'D:\\00 刘盛雄知识库\\00 myblog\\node_modules\\@esbuild\\linux-riscv64' ]
655 verbose reify failed optional dependency D:\00 刘盛雄知识库\00 myblog\node_modules\@esbuild\linux-ppc64
656 silly reify mark deleted [ 'D:\\00 刘盛雄知识库\\00 myblog\\node_modules\\@esbuild\\linux-ppc64' ]
657 verbose reify failed optional dependency D:\00 刘盛雄知识库\00 myblog\node_modules\@esbuild\linux-mips64el
658 silly reify mark deleted [ 'D:\\00 刘盛雄知识库\\00 myblog\\node_modules\\@esbuild\\linux-mips64el' ]
659 verbose reify failed optional dependency D:\00 刘盛雄知识库\00 myblog\node_modules\@esbuild\linux-loong64
660 silly reify mark deleted [ 'D:\\00 刘盛雄知识库\\00 myblog\\node_modules\\@esbuild\\linux-loong64' ]
661 verbose reify failed optional dependency D:\00 刘盛雄知识库\00 myblog\node_modules\@esbuild\linux-ia32
662 silly reify mark deleted [ 'D:\\00 刘盛雄知识库\\00 myblog\\node_modules\\@esbuild\\linux-ia32' ]
663 verbose reify failed optional dependency D:\00 刘盛雄知识库\00 myblog\node_modules\@esbuild\linux-arm64
664 silly reify mark deleted [ 'D:\\00 刘盛雄知识库\\00 myblog\\node_modules\\@esbuild\\linux-arm64' ]
665 verbose reify failed optional dependency D:\00 刘盛雄知识库\00 myblog\node_modules\@esbuild\linux-arm
666 silly reify mark deleted [ 'D:\\00 刘盛雄知识库\\00 myblog\\node_modules\\@esbuild\\linux-arm' ]
667 verbose reify failed optional dependency D:\00 刘盛雄知识库\00 myblog\node_modules\@esbuild\freebsd-x64
668 silly reify mark deleted [ 'D:\\00 刘盛雄知识库\\00 myblog\\node_modules\\@esbuild\\freebsd-x64' ]
669 verbose reify failed optional dependency D:\00 刘盛雄知识库\00 myblog\node_modules\@esbuild\freebsd-arm64
670 silly reify mark deleted [ 'D:\\00 刘盛雄知识库\\00 myblog\\node_modules\\@esbuild\\freebsd-arm64' ]
671 verbose reify failed optional dependency D:\00 刘盛雄知识库\00 myblog\node_modules\@esbuild\darwin-x64
672 silly reify mark deleted [ 'D:\\00 刘盛雄知识库\\00 myblog\\node_modules\\@esbuild\\darwin-x64' ]
673 verbose reify failed optional dependency D:\00 刘盛雄知识库\00 myblog\node_modules\@esbuild\darwin-arm64
674 silly reify mark deleted [ 'D:\\00 刘盛雄知识库\\00 myblog\\node_modules\\@esbuild\\darwin-arm64' ]
675 verbose reify failed optional dependency D:\00 刘盛雄知识库\00 myblog\node_modules\@esbuild\android-x64
676 silly reify mark deleted [ 'D:\\00 刘盛雄知识库\\00 myblog\\node_modules\\@esbuild\\android-x64' ]
677 verbose reify failed optional dependency D:\00 刘盛雄知识库\00 myblog\node_modules\@esbuild\android-arm64
678 silly reify mark deleted [ 'D:\\00 刘盛雄知识库\\00 myblog\\node_modules\\@esbuild\\android-arm64' ]
679 verbose reify failed optional dependency D:\00 刘盛雄知识库\00 myblog\node_modules\@esbuild\android-arm
680 silly reify mark deleted [ 'D:\\00 刘盛雄知识库\\00 myblog\\node_modules\\@esbuild\\android-arm' ]
681 verbose reify failed optional dependency D:\00 刘盛雄知识库\00 myblog\node_modules\@esbuild\aix-ppc64
682 silly reify mark deleted [ 'D:\\00 刘盛雄知识库\\00 myblog\\node_modules\\@esbuild\\aix-ppc64' ]
683 verbose reify failed optional dependency D:\00 刘盛雄知识库\00 myblog\node_modules\@biomejs\cli-win32-arm64
684 silly reify mark deleted [ 'D:\\00 刘盛雄知识库\\00 myblog\\node_modules\\@biomejs\\cli-win32-arm64' ]
685 verbose reify failed optional dependency D:\00 刘盛雄知识库\00 myblog\node_modules\@biomejs\cli-linux-x64-musl
686 silly reify mark deleted [
686 silly reify   'D:\\00 刘盛雄知识库\\00 myblog\\node_modules\\@biomejs\\cli-linux-x64-musl'
686 silly reify ]
687 verbose reify failed optional dependency D:\00 刘盛雄知识库\00 myblog\node_modules\@biomejs\cli-linux-x64
688 silly reify mark deleted [ 'D:\\00 刘盛雄知识库\\00 myblog\\node_modules\\@biomejs\\cli-linux-x64' ]
689 verbose reify failed optional dependency D:\00 刘盛雄知识库\00 myblog\node_modules\@biomejs\cli-linux-arm64-musl
690 silly reify mark deleted [
690 silly reify   'D:\\00 刘盛雄知识库\\00 myblog\\node_modules\\@biomejs\\cli-linux-arm64-musl'
690 silly reify ]
691 verbose reify failed optional dependency D:\00 刘盛雄知识库\00 myblog\node_modules\@biomejs\cli-linux-arm64
692 silly reify mark deleted [ 'D:\\00 刘盛雄知识库\\00 myblog\\node_modules\\@biomejs\\cli-linux-arm64' ]
693 verbose reify failed optional dependency D:\00 刘盛雄知识库\00 myblog\node_modules\@biomejs\cli-darwin-x64
694 silly reify mark deleted [ 'D:\\00 刘盛雄知识库\\00 myblog\\node_modules\\@biomejs\\cli-darwin-x64' ]
695 verbose reify failed optional dependency D:\00 刘盛雄知识库\00 myblog\node_modules\@biomejs\cli-darwin-arm64
696 silly reify mark deleted [
696 silly reify   'D:\\00 刘盛雄知识库\\00 myblog\\node_modules\\@biomejs\\cli-darwin-arm64'
696 silly reify ]
697 http cache @isaacs/fs-minipass@https://registry.npmjs.org/@isaacs/fs-minipass/-/fs-minipass-4.0.1.tgz 0ms (cache hit)
698 http cache tr46@https://registry.npmjs.org/tr46/-/tr46-0.0.3.tgz 0ms (cache hit)
699 http cache webidl-conversions@https://registry.npmjs.org/webidl-conversions/-/webidl-conversions-3.0.1.tgz 0ms (cache hit)
700 http cache minizlib@https://registry.npmjs.org/minizlib/-/minizlib-3.1.0.tgz 0ms (cache hit)
701 http cache minipass@https://registry.npmjs.org/minipass/-/minipass-7.1.3.tgz 0ms (cache hit)
702 http cache abbrev@https://registry.npmjs.org/abbrev/-/abbrev-3.0.1.tgz 0ms (cache hit)
703 http cache whatwg-url@https://registry.npmjs.org/whatwg-url/-/whatwg-url-5.0.0.tgz 0ms (cache hit)
704 http cache concat-map@https://registry.npmjs.org/concat-map/-/concat-map-0.0.1.tgz 0ms (cache hit)
705 http cache chownr@https://registry.npmjs.org/chownr/-/chownr-3.0.0.tgz 0ms (cache hit)
706 http cache brace-expansion@https://registry.npmjs.org/brace-expansion/-/brace-expansion-1.1.18.tgz 0ms (cache hit)
707 http cache balanced-match@https://registry.npmjs.org/balanced-match/-/balanced-match-1.0.2.tgz 0ms (cache hit)
708 http cache agent-base@https://registry.npmjs.org/agent-base/-/agent-base-7.1.4.tgz 0ms (cache hit)
709 http cache wrappy@https://registry.npmjs.org/wrappy/-/wrappy-1.0.2.tgz 0ms (cache hit)
710 http cache once@https://registry.npmjs.org/once/-/once-1.4.0.tgz 0ms (cache hit)
711 http cache path-is-absolute@https://registry.npmjs.org/path-is-absolute/-/path-is-absolute-1.0.1.tgz 0ms (cache hit)
712 http cache inherits@https://registry.npmjs.org/inherits/-/inherits-2.0.4.tgz 0ms (cache hit)
713 http cache minimatch@https://registry.npmjs.org/minimatch/-/minimatch-3.1.5.tgz 0ms (cache hit)
714 http cache inflight@https://registry.npmjs.org/inflight/-/inflight-1.0.6.tgz 0ms (cache hit)
715 http cache file-uri-to-path@https://registry.npmjs.org/file-uri-to-path/-/file-uri-to-path-1.0.0.tgz 0ms (cache hit)
716 http cache fs.realpath@https://registry.npmjs.org/fs.realpath/-/fs.realpath-1.0.0.tgz 0ms (cache hit)
717 http cache tar@https://registry.npmjs.org/tar/-/tar-7.5.22.tgz 0ms (cache hit)
718 http cache node-fetch@https://registry.npmjs.org/node-fetch/-/node-fetch-2.7.0.tgz 0ms (cache hit)
719 http cache nopt@https://registry.npmjs.org/nopt/-/nopt-8.1.0.tgz 0ms (cache hit)
720 http cache consola@https://registry.npmjs.org/consola/-/consola-3.4.2.tgz 0ms (cache hit)
721 http cache https-proxy-agent@https://registry.npmjs.org/https-proxy-agent/-/https-proxy-agent-7.0.6.tgz 0ms (cache hit)
722 http cache node-gyp-build@https://registry.npmjs.org/node-gyp-build/-/node-gyp-build-4.8.4.tgz 0ms (cache hit)
723 http cache resolve-from@https://registry.npmjs.org/resolve-from/-/resolve-from-5.0.0.tgz 0ms (cache hit)
724 http cache bindings@https://registry.npmjs.org/bindings/-/bindings-1.5.0.tgz 0ms (cache hit)
725 http cache @mapbox/node-pre-gyp@https://registry.npmjs.org/@mapbox/node-pre-gyp/-/node-pre-gyp-2.0.3.tgz 0ms (cache hit)
726 http cache glob@https://registry.npmjs.org/glob/-/glob-7.2.3.tgz 0ms (cache hit)
727 http cache undici-types@https://registry.npmjs.org/undici-types/-/undici-types-8.3.0.tgz 0ms (cache hit)
728 http cache async-sema@https://registry.npmjs.org/async-sema/-/async-sema-3.1.1.tgz 0ms (cache hit)
729 http cache @octokit/openapi-types@https://registry.npmjs.org/@octokit/openapi-types/-/openapi-types-28.0.0.tgz 0ms (cache hit)
730 http cache acorn-import-attributes@https://registry.npmjs.org/acorn-import-attributes/-/acorn-import-attributes-1.9.5.tgz 0ms (cache hit)
731 http cache @octokit/endpoint@https://registry.npmjs.org/@octokit/endpoint/-/endpoint-11.0.4.tgz 0ms (cache hit)
732 http cache @octokit/types@https://registry.npmjs.org/@octokit/types/-/types-17.0.0.tgz 0ms (cache hit)
733 http cache @octokit/request-error@https://registry.npmjs.org/@octokit/request-error/-/request-error-7.1.1.tgz 0ms (cache hit)
734 http cache content-type@https://registry.npmjs.org/content-type/-/content-type-3.0.0.tgz 0ms (cache hit)
735 http cache json-with-bigint@https://registry.npmjs.org/json-with-bigint/-/json-with-bigint-3.5.12.tgz 0ms (cache hit)
736 http cache universal-user-agent@https://registry.npmjs.org/universal-user-agent/-/universal-user-agent-7.0.3.tgz 0ms (cache hit)
737 http cache before-after-hook@https://registry.npmjs.org/before-after-hook/-/before-after-hook-4.0.0.tgz 0ms (cache hit)
738 http cache web-vitals@https://registry.npmjs.org/web-vitals/-/web-vitals-3.5.2.tgz 0ms (cache hit)
739 http cache @vercel/nft@https://registry.npmjs.org/@vercel/nft/-/nft-0.27.10.tgz 0ms (cache hit)
740 http cache @octokit/request@https://registry.npmjs.org/@octokit/request/-/request-10.0.15.tgz 0ms (cache hit)
741 http cache @octokit/auth-token@https://registry.npmjs.org/@octokit/auth-token/-/auth-token-6.0.0.tgz 0ms (cache hit)
742 http cache gray-matter@https://registry.npmjs.org/gray-matter/-/gray-matter-4.0.3.tgz 0ms (cache hit)
743 http cache @octokit/graphql@https://registry.npmjs.org/@octokit/graphql/-/graphql-9.0.4.tgz 0ms (cache hit)
744 http cache @vercel/edge@https://registry.npmjs.org/@vercel/edge/-/edge-1.3.3.tgz 0ms (cache hit)
745 http cache @octokit/plugin-paginate-rest@https://registry.npmjs.org/@octokit/plugin-paginate-rest/-/plugin-paginate-rest-14.0.0.tgz 0ms (cache hit)
746 http cache @octokit/plugin-rest-endpoint-methods@https://registry.npmjs.org/@octokit/plugin-rest-endpoint-methods/-/plugin-rest-endpoint-methods-17.0.0.tgz 0ms (cache hit)
747 http cache zwitch@https://registry.npmjs.org/zwitch/-/zwitch-2.0.4.tgz 0ms (cache hit)
748 http cache zod-to-ts@https://registry.npmjs.org/zod-to-ts/-/zod-to-ts-1.2.0.tgz 0ms (cache hit)
749 http cache @octokit/core@https://registry.npmjs.org/@octokit/core/-/core-7.0.7.tgz 0ms (cache hit)
750 http cache @octokit/rest@https://registry.npmjs.org/@octokit/rest/-/rest-22.0.1.tgz 0ms (cache hit)
751 http cache @octokit/plugin-request-log@https://registry.npmjs.org/@octokit/plugin-request-log/-/plugin-request-log-6.0.0.tgz 0ms (cache hit)
752 http cache zod-to-json-schema@https://registry.npmjs.org/zod-to-json-schema/-/zod-to-json-schema-3.25.2.tgz 0ms (cache hit)
753 http cache zod@https://registry.npmjs.org/zod/-/zod-3.25.76.tgz 0ms (cache hit)
754 http cache yargs@https://registry.npmjs.org/yargs/-/yargs-17.7.2.tgz 0ms (cache hit)
755 http cache yaml-language-server@https://registry.npmjs.org/yaml-language-server/-/yaml-language-server-1.20.0.tgz 0ms (cache hit)
756 http cache yargs-parser@https://registry.npmjs.org/yargs-parser/-/yargs-parser-21.1.1.tgz 0ms (cache hit)
757 http cache yaml@https://registry.npmjs.org/yaml/-/yaml-2.9.0.tgz 0ms (cache hit)
758 http cache yocto-queue@https://registry.npmjs.org/yocto-queue/-/yocto-queue-1.2.2.tgz 0ms (cache hit)
759 http cache yallist@https://registry.npmjs.org/yallist/-/yallist-3.1.1.tgz 0ms (cache hit)
760 http cache xxhash-wasm@https://registry.npmjs.org/xxhash-wasm/-/xxhash-wasm-1.1.0.tgz 0ms (cache hit)
761 http cache y18n@https://registry.npmjs.org/y18n/-/y18n-5.0.8.tgz 0ms (cache hit)
762 http cache wrap-ansi@https://registry.npmjs.org/wrap-ansi/-/wrap-ansi-9.0.2.tgz 0ms (cache hit)
763 http cache widest-line@https://registry.npmjs.org/widest-line/-/widest-line-5.0.0.tgz 0ms (cache hit)
764 http cache web-namespaces@https://registry.npmjs.org/web-namespaces/-/web-namespaces-2.0.1.tgz 0ms (cache hit)
765 http cache which-pm-runs@https://registry.npmjs.org/which-pm-runs/-/which-pm-runs-1.1.0.tgz 0ms (cache hit)
766 http cache which-pm@https://registry.npmjs.org/which-pm/-/which-pm-3.0.1.tgz 0ms (cache hit)
767 http cache vscode-nls@https://registry.npmjs.org/vscode-nls/-/vscode-nls-5.2.0.tgz 0ms (cache hit)
768 http cache vscode-uri@https://registry.npmjs.org/vscode-uri/-/vscode-uri-3.1.0.tgz 0ms (cache hit)
769 http cache vscode-languageserver-textdocument@https://registry.npmjs.org/vscode-languageserver-textdocument/-/vscode-languageserver-textdocument-1.0.12.tgz 0ms (cache hit)
770 http cache vscode-languageserver-types@https://registry.npmjs.org/vscode-languageserver-types/-/vscode-languageserver-types-3.18.0.tgz 0ms (cache hit)
771 http cache vscode-languageserver-protocol@https://registry.npmjs.org/vscode-languageserver-protocol/-/vscode-languageserver-protocol-3.18.0.tgz 0ms (cache hit)
772 http cache vscode-jsonrpc@https://registry.npmjs.org/vscode-jsonrpc/-/vscode-jsonrpc-9.0.0.tgz 0ms (cache hit)
773 http cache vscode-html-languageservice@https://registry.npmjs.org/vscode-html-languageservice/-/vscode-html-languageservice-5.6.2.tgz 0ms (cache hit)
774 http cache volar-service-yaml@https://registry.npmjs.org/volar-service-yaml/-/volar-service-yaml-0.0.70.tgz 0ms (cache hit)
775 http cache vscode-css-languageservice@https://registry.npmjs.org/vscode-css-languageservice/-/vscode-css-languageservice-6.3.10.tgz 0ms (cache hit)
776 http cache vscode-json-languageservice@https://registry.npmjs.org/vscode-json-languageservice/-/vscode-json-languageservice-4.1.8.tgz 0ms (cache hit)
777 http cache volar-service-typescript@https://registry.npmjs.org/volar-service-typescript/-/volar-service-typescript-0.0.70.tgz 0ms (cache hit)
778 http cache vscode-languageserver@https://registry.npmjs.org/vscode-languageserver/-/vscode-languageserver-9.0.1.tgz 0ms (cache hit)
779 http cache volar-service-emmet@https://registry.npmjs.org/volar-service-emmet/-/volar-service-emmet-0.0.70.tgz 0ms (cache hit)
780 http cache volar-service-css@https://registry.npmjs.org/volar-service-css/-/volar-service-css-0.0.70.tgz 0ms (cache hit)
781 http cache volar-service-html@https://registry.npmjs.org/volar-service-html/-/volar-service-html-0.0.70.tgz 0ms (cache hit)
782 http cache vite@https://registry.npmjs.org/vite/-/vite-5.4.21.tgz 1ms (cache hit)
783 http cache vfile-message@https://registry.npmjs.org/vfile-message/-/vfile-message-4.0.3.tgz 0ms (cache hit)
784 http cache volar-service-typescript-twoslash-queries@https://registry.npmjs.org/volar-service-typescript-twoslash-queries/-/volar-service-typescript-twoslash-queries-0.0.70.tgz 0ms (cache hit)
785 http cache vfile@https://registry.npmjs.org/vfile/-/vfile-6.0.3.tgz 0ms (cache hit)
786 http cache vitefu@https://registry.npmjs.org/vitefu/-/vitefu-1.1.3.tgz 0ms (cache hit)
787 http cache util-deprecate@https://registry.npmjs.org/util-deprecate/-/util-deprecate-1.0.2.tgz 0ms (cache hit)
788 http cache update-browserslist-db@https://registry.npmjs.org/update-browserslist-db/-/update-browserslist-db-1.2.3.tgz 0ms (cache hit)
789 http cache unist-util-visit-parents@https://registry.npmjs.org/unist-util-visit-parents/-/unist-util-visit-parents-6.0.2.tgz 0ms (cache hit)
790 http cache unist-util-stringify-position@https://registry.npmjs.org/unist-util-stringify-position/-/unist-util-stringify-position-4.0.0.tgz 0ms (cache hit)
791 http cache vfile-location@https://registry.npmjs.org/vfile-location/-/vfile-location-5.0.3.tgz 0ms (cache hit)
792 http cache unist-util-position@https://registry.npmjs.org/unist-util-position/-/unist-util-position-5.0.0.tgz 0ms (cache hit)
793 http cache unist-util-remove-position@https://registry.npmjs.org/unist-util-remove-position/-/unist-util-remove-position-5.0.0.tgz 0ms (cache hit)
794 http cache unist-util-visit-children@https://registry.npmjs.org/unist-util-visit-children/-/unist-util-visit-children-3.0.0.tgz 0ms (cache hit)
795 http cache unist-util-visit@https://registry.npmjs.org/unist-util-visit/-/unist-util-visit-5.1.0.tgz 0ms (cache hit)
796 http cache unist-util-modify-children@https://registry.npmjs.org/unist-util-modify-children/-/unist-util-modify-children-4.0.0.tgz 0ms (cache hit)
797 http cache unist-util-is@https://registry.npmjs.org/unist-util-is/-/unist-util-is-6.0.1.tgz 0ms (cache hit)
798 http cache unified@https://registry.npmjs.org/unified/-/unified-11.0.5.tgz 0ms (cache hit)
799 http cache unist-util-find-after@https://registry.npmjs.org/unist-util-find-after/-/unist-util-find-after-5.0.0.tgz 0ms (cache hit)
800 http cache typesafe-path@https://registry.npmjs.org/typesafe-path/-/typesafe-path-0.2.2.tgz 0ms (cache hit)
801 http cache trough@https://registry.npmjs.org/trough/-/trough-2.2.0.tgz 0ms (cache hit)
802 http cache tslib@https://registry.npmjs.org/tslib/-/tslib-2.8.1.tgz 0ms (cache hit)
803 http cache typescript-auto-import-cache@https://registry.npmjs.org/typescript-auto-import-cache/-/typescript-auto-import-cache-0.3.6.tgz 0ms (cache hit)
804 http cache tsconfck@https://registry.npmjs.org/tsconfck/-/tsconfck-3.1.6.tgz 0ms (cache hit)
805 http cache ts-interface-checker@https://registry.npmjs.org/ts-interface-checker/-/ts-interface-checker-0.1.13.tgz 0ms (cache hit)
806 http cache type-fest@https://registry.npmjs.org/type-fest/-/type-fest-4.41.0.tgz 0ms (cache hit)
807 http cache tinyglobby@https://registry.npmjs.org/tinyglobby/-/tinyglobby-0.2.17.tgz 0ms (cache hit)
808 http cache trim-lines@https://registry.npmjs.org/trim-lines/-/trim-lines-3.0.1.tgz 0ms (cache hit)
809 http cache tinyexec@https://registry.npmjs.org/tinyexec/-/tinyexec-0.3.2.tgz 0ms (cache hit)
810 http cache sucrase@https://registry.npmjs.org/sucrase/-/sucrase-3.35.1.tgz 0ms (cache hit)
811 http cache to-regex-range@https://registry.npmjs.org/to-regex-range/-/to-regex-range-5.0.1.tgz 0ms (cache hit)
812 http cache strip-bom-string@https://registry.npmjs.org/strip-bom-string/-/strip-bom-string-1.0.0.tgz 0ms (cache hit)
813 http cache supports-preserve-symlinks-flag@https://registry.npmjs.org/supports-preserve-symlinks-flag/-/supports-preserve-symlinks-flag-1.0.0.tgz 0ms (cache hit)
814 http cache strip-bom@https://registry.npmjs.org/strip-bom/-/strip-bom-3.0.0.tgz 0ms (cache hit)
815 http cache thenify@https://registry.npmjs.org/thenify/-/thenify-3.3.1.tgz 0ms (cache hit)
816 http cache string-width@https://registry.npmjs.org/string-width/-/string-width-7.2.0.tgz 0ms (cache hit)
817 http cache stringify-entities@https://registry.npmjs.org/stringify-entities/-/stringify-entities-4.0.4.tgz 0ms (cache hit)
818 http cache strip-ansi@https://registry.npmjs.org/strip-ansi/-/strip-ansi-7.2.0.tgz 0ms (cache hit)
819 http cache thenify-all@https://registry.npmjs.org/thenify-all/-/thenify-all-1.6.0.tgz 0ms (cache hit)
820 http cache space-separated-tokens@https://registry.npmjs.org/space-separated-tokens/-/space-separated-tokens-2.0.2.tgz 0ms (cache hit)
821 http cache sprintf-js@https://registry.npmjs.org/sprintf-js/-/sprintf-js-1.0.3.tgz 0ms (cache hit)
822 http cache simple-swizzle@https://registry.npmjs.org/simple-swizzle/-/simple-swizzle-0.2.4.tgz 0ms (cache hit)
823 http cache stdin-discarder@https://registry.npmjs.org/stdin-discarder/-/stdin-discarder-0.2.2.tgz 0ms (cache hit)
824 http cache sisteransi@https://registry.npmjs.org/sisteransi/-/sisteransi-1.0.5.tgz 0ms (cache hit)
825 http cache semver@https://registry.npmjs.org/semver/-/semver-7.8.3.tgz 0ms (cache hit)
826 http cache signal-exit@https://registry.npmjs.org/signal-exit/-/signal-exit-4.1.0.tgz 0ms (cache hit)
827 http cache source-map-js@https://registry.npmjs.org/source-map-js/-/source-map-js-1.2.1.tgz 0ms (cache hit)
828 http cache shiki@https://registry.npmjs.org/shiki/-/shiki-1.29.2.tgz 0ms (cache hit)
829 http cache sharp@https://registry.npmjs.org/sharp/-/sharp-0.33.5.tgz 0ms (cache hit)
830 http cache run-parallel@https://registry.npmjs.org/run-parallel/-/run-parallel-1.2.0.tgz 0ms (cache hit)
831 http cache section-matter@https://registry.npmjs.org/section-matter/-/section-matter-1.0.0.tgz 0ms (cache hit)
832 http cache reusify@https://registry.npmjs.org/reusify/-/reusify-1.1.0.tgz 0ms (cache hit)
833 http cache rollup@https://registry.npmjs.org/rollup/-/rollup-4.61.1.tgz 0ms (cache hit)
834 http cache resolve@https://registry.npmjs.org/resolve/-/resolve-1.22.12.tgz 0ms (cache hit)
835 http cache retext-smartypants@https://registry.npmjs.org/retext-smartypants/-/retext-smartypants-6.2.0.tgz 0ms (cache hit)
836 http cache retext-stringify@https://registry.npmjs.org/retext-stringify/-/retext-stringify-4.0.0.tgz 0ms (cache hit)
837 http cache restore-cursor@https://registry.npmjs.org/restore-cursor/-/restore-cursor-5.1.0.tgz 0ms (cache hit)
838 http cache retext@https://registry.npmjs.org/retext/-/retext-9.0.0.tgz 0ms (cache hit)
839 http cache require-directory@https://registry.npmjs.org/require-directory/-/require-directory-2.1.1.tgz 0ms (cache hit)
840 http cache retext-latin@https://registry.npmjs.org/retext-latin/-/retext-latin-4.0.0.tgz 0ms (cache hit)
841 http cache remark-stringify@https://registry.npmjs.org/remark-stringify/-/remark-stringify-11.0.0.tgz 0ms (cache hit)
842 http cache request-light@https://registry.npmjs.org/request-light/-/request-light-0.7.0.tgz 0ms (cache hit)
843 http cache require-from-string@https://registry.npmjs.org/require-from-string/-/require-from-string-2.0.2.tgz 0ms (cache hit)
844 http cache remark-parse@https://registry.npmjs.org/remark-parse/-/remark-parse-11.0.0.tgz 0ms (cache hit)
845 http cache remark-smartypants@https://registry.npmjs.org/remark-smartypants/-/remark-smartypants-3.0.2.tgz 0ms (cache hit)
846 http cache remark-gfm@https://registry.npmjs.org/remark-gfm/-/remark-gfm-4.0.1.tgz 0ms (cache hit)
847 http cache rehype-stringify@https://registry.npmjs.org/rehype-stringify/-/rehype-stringify-10.0.1.tgz 0ms (cache hit)
848 http cache remark-rehype@https://registry.npmjs.org/remark-rehype/-/remark-rehype-11.1.2.tgz 0ms (cache hit)
849 http cache rehype-parse@https://registry.npmjs.org/rehype-parse/-/rehype-parse-9.0.1.tgz 0ms (cache hit)
850 http cache regex-recursion@https://registry.npmjs.org/regex-recursion/-/regex-recursion-5.1.1.tgz 0ms (cache hit)
851 http cache rehype-raw@https://registry.npmjs.org/rehype-raw/-/rehype-raw-7.0.0.tgz 0ms (cache hit)
852 http cache rehype@https://registry.npmjs.org/rehype/-/rehype-13.0.2.tgz 0ms (cache hit)
853 http cache regex@https://registry.npmjs.org/regex/-/regex-5.1.1.tgz 0ms (cache hit)
854 http cache regex-utilities@https://registry.npmjs.org/regex-utilities/-/regex-utilities-2.3.0.tgz 0ms (cache hit)
855 http cache read-cache@https://registry.npmjs.org/read-cache/-/read-cache-1.0.0.tgz 0ms (cache hit)
856 http cache readdirp@https://registry.npmjs.org/readdirp/-/readdirp-3.6.0.tgz 0ms (cache hit)
857 http cache prompts@https://registry.npmjs.org/prompts/-/prompts-2.4.2.tgz 0ms (cache hit)
858 http cache property-information@https://registry.npmjs.org/property-information/-/property-information-7.2.0.tgz 0ms (cache hit)
859 http cache queue-microtask@https://registry.npmjs.org/queue-microtask/-/queue-microtask-1.2.3.tgz 0ms (cache hit)
860 http cache postcss-selector-parser@https://registry.npmjs.org/postcss-selector-parser/-/postcss-selector-parser-6.0.10.tgz 0ms (cache hit)
861 http cache preferred-pm@https://registry.npmjs.org/preferred-pm/-/preferred-pm-4.1.1.tgz 0ms (cache hit)
862 http cache postcss-value-parser@https://registry.npmjs.org/postcss-value-parser/-/postcss-value-parser-4.2.0.tgz 0ms (cache hit)
863 http cache postcss-nested@https://registry.npmjs.org/postcss-nested/-/postcss-nested-6.2.0.tgz 0ms (cache hit)
864 http cache postcss-load-config@https://registry.npmjs.org/postcss-load-config/-/postcss-load-config-4.0.2.tgz 0ms (cache hit)
865 http cache postcss-js@https://registry.npmjs.org/postcss-js/-/postcss-js-4.1.0.tgz 0ms (cache hit)
866 http cache postcss-import@https://registry.npmjs.org/postcss-import/-/postcss-import-15.1.0.tgz 0ms (cache hit)
867 http cache prismjs@https://registry.npmjs.org/prismjs/-/prismjs-1.30.0.tgz 0ms (cache hit)
868 http cache pirates@https://registry.npmjs.org/pirates/-/pirates-4.0.7.tgz 0ms (cache hit)
869 http cache pify@https://registry.npmjs.org/pify/-/pify-2.3.0.tgz 0ms (cache hit)
870 http cache picomatch@https://registry.npmjs.org/picomatch/-/picomatch-4.0.4.tgz 0ms (cache hit)
871 http cache pkg-dir@https://registry.npmjs.org/pkg-dir/-/pkg-dir-4.2.0.tgz 0ms (cache hit)
872 http cache postcss@https://registry.npmjs.org/postcss/-/postcss-8.5.15.tgz 0ms (cache hit)
873 http cache path-parse@https://registry.npmjs.org/path-parse/-/path-parse-1.0.7.tgz 0ms (cache hit)
874 http cache picocolors@https://registry.npmjs.org/picocolors/-/picocolors-1.1.1.tgz 0ms (cache hit)
875 http cache path-exists@https://registry.npmjs.org/path-exists/-/path-exists-4.0.0.tgz 0ms (cache hit)
876 http cache path-browserify@https://registry.npmjs.org/path-browserify/-/path-browserify-1.0.1.tgz 0ms (cache hit)
877 http cache parse5@https://registry.npmjs.org/parse5/-/parse5-7.3.0.tgz 0ms (cache hit)
878 http cache p-try@https://registry.npmjs.org/p-try/-/p-try-2.2.0.tgz 0ms (cache hit)
879 http cache parse-latin@https://registry.npmjs.org/parse-latin/-/parse-latin-7.0.0.tgz 0ms (cache hit)
880 http cache p-locate@https://registry.npmjs.org/p-locate/-/p-locate-4.1.0.tgz 0ms (cache hit)
881 http cache p-limit@https://registry.npmjs.org/p-limit/-/p-limit-6.2.0.tgz 0ms (cache hit)
882 http cache onetime@https://registry.npmjs.org/onetime/-/onetime-7.0.0.tgz 0ms (cache hit)
883 http cache p-timeout@https://registry.npmjs.org/p-timeout/-/p-timeout-6.1.4.tgz 0ms (cache hit)
884 http cache oniguruma-to-es@https://registry.npmjs.org/oniguruma-to-es/-/oniguruma-to-es-2.3.0.tgz 0ms (cache hit)
885 http cache ora@https://registry.npmjs.org/ora/-/ora-8.2.0.tgz 0ms (cache hit)
886 http cache normalize-path@https://registry.npmjs.org/normalize-path/-/normalize-path-3.0.0.tgz 0ms (cache hit)
887 http cache object-assign@https://registry.npmjs.org/object-assign/-/object-assign-4.1.1.tgz 0ms (cache hit)
888 http cache object-hash@https://registry.npmjs.org/object-hash/-/object-hash-3.0.0.tgz 0ms (cache hit)
889 http cache neotraverse@https://registry.npmjs.org/neotraverse/-/neotraverse-0.6.18.tgz 0ms (cache hit)
890 http cache p-queue@https://registry.npmjs.org/p-queue/-/p-queue-8.1.1.tgz 0ms (cache hit)
891 http cache node-releases@https://registry.npmjs.org/node-releases/-/node-releases-2.0.47.tgz 0ms (cache hit)
892 http cache nlcst-to-string@https://registry.npmjs.org/nlcst-to-string/-/nlcst-to-string-4.0.0.tgz 0ms (cache hit)
893 http cache nanoid@https://registry.npmjs.org/nanoid/-/nanoid-3.3.12.tgz 0ms (cache hit)
894 http cache mrmime@https://registry.npmjs.org/mrmime/-/mrmime-2.0.1.tgz 0ms (cache hit)
895 http cache mz@https://registry.npmjs.org/mz/-/mz-2.7.0.tgz 0ms (cache hit)
896 http cache muggle-string@https://registry.npmjs.org/muggle-string/-/muggle-string-0.4.1.tgz 0ms (cache hit)
897 http cache ms@https://registry.npmjs.org/ms/-/ms-2.1.3.tgz 0ms (cache hit)
898 http cache mimic-function@https://registry.npmjs.org/mimic-function/-/mimic-function-5.0.1.tgz 0ms (cache hit)
899 http cache micromark-util-types@https://registry.npmjs.org/micromark-util-types/-/micromark-util-types-2.0.2.tgz 0ms (cache hit)
900 http cache micromatch@https://registry.npmjs.org/micromatch/-/micromatch-4.0.8.tgz 0ms (cache hit)
901 http cache micromark-util-subtokenize@https://registry.npmjs.org/micromark-util-subtokenize/-/micromark-util-subtokenize-2.1.0.tgz 0ms (cache hit)
902 http cache micromark-util-symbol@https://registry.npmjs.org/micromark-util-symbol/-/micromark-util-symbol-2.0.1.tgz 0ms (cache hit)
903 http cache micromark-util-sanitize-uri@https://registry.npmjs.org/micromark-util-sanitize-uri/-/micromark-util-sanitize-uri-2.0.1.tgz 0ms (cache hit)
904 http cache micromark-util-encode@https://registry.npmjs.org/micromark-util-encode/-/micromark-util-encode-2.0.1.tgz 0ms (cache hit)
905 http cache micromark-util-resolve-all@https://registry.npmjs.org/micromark-util-resolve-all/-/micromark-util-resolve-all-2.0.1.tgz 0ms (cache hit)
906 http cache micromark-util-html-tag-name@https://registry.npmjs.org/micromark-util-html-tag-name/-/micromark-util-html-tag-name-2.0.1.tgz 0ms (cache hit)
907 http cache micromark-util-normalize-identifier@https://registry.npmjs.org/micromark-util-normalize-identifier/-/micromark-util-normalize-identifier-2.0.1.tgz 0ms (cache hit)
908 http cache micromark-util-decode-string@https://registry.npmjs.org/micromark-util-decode-string/-/micromark-util-decode-string-2.0.1.tgz 0ms (cache hit)
909 http cache micromark-util-decode-numeric-character-reference@https://registry.npmjs.org/micromark-util-decode-numeric-character-reference/-/micromark-util-decode-numeric-character-reference-2.0.2.tgz 0ms (cache hit)
910 http cache micromark-util-combine-extensions@https://registry.npmjs.org/micromark-util-combine-extensions/-/micromark-util-combine-extensions-2.0.1.tgz 0ms (cache hit)
911 http cache micromark-util-chunked@https://registry.npmjs.org/micromark-util-chunked/-/micromark-util-chunked-2.0.1.tgz 0ms (cache hit)
912 http cache micromark-util-character@https://registry.npmjs.org/micromark-util-character/-/micromark-util-character-2.1.1.tgz 0ms (cache hit)
913 http cache micromark-factory-title@https://registry.npmjs.org/micromark-factory-title/-/micromark-factory-title-2.0.1.tgz 0ms (cache hit)
914 http cache micromark-util-classify-character@https://registry.npmjs.org/micromark-util-classify-character/-/micromark-util-classify-character-2.0.1.tgz 0ms (cache hit)
915 http cache micromark-extension-gfm-tagfilter@https://registry.npmjs.org/micromark-extension-gfm-tagfilter/-/micromark-extension-gfm-tagfilter-2.0.0.tgz 0ms (cache hit)
916 http cache micromark-factory-space@https://registry.npmjs.org/micromark-factory-space/-/micromark-factory-space-2.0.1.tgz 0ms (cache hit)
917 http cache micromark-factory-label@https://registry.npmjs.org/micromark-factory-label/-/micromark-factory-label-2.0.1.tgz 0ms (cache hit)
918 http cache micromark-factory-whitespace@https://registry.npmjs.org/micromark-factory-whitespace/-/micromark-factory-whitespace-2.0.1.tgz 0ms (cache hit)
919 http cache micromark-factory-destination@https://registry.npmjs.org/micromark-factory-destination/-/micromark-factory-destination-2.0.1.tgz 0ms (cache hit)
920 http cache micromark-extension-gfm-task-list-item@https://registry.npmjs.org/micromark-extension-gfm-task-list-item/-/micromark-extension-gfm-task-list-item-2.1.0.tgz 0ms (cache hit)
921 http cache micromark-extension-gfm-table@https://registry.npmjs.org/micromark-extension-gfm-table/-/micromark-extension-gfm-table-2.1.1.tgz 0ms (cache hit)
922 http cache micromark-extension-gfm-footnote@https://registry.npmjs.org/micromark-extension-gfm-footnote/-/micromark-extension-gfm-footnote-2.1.0.tgz 0ms (cache hit)
923 http cache micromark-extension-gfm-autolink-literal@https://registry.npmjs.org/micromark-extension-gfm-autolink-literal/-/micromark-extension-gfm-autolink-literal-2.1.0.tgz 0ms (cache hit)
924 http cache micromark-extension-gfm-strikethrough@https://registry.npmjs.org/micromark-extension-gfm-strikethrough/-/micromark-extension-gfm-strikethrough-2.1.0.tgz 0ms (cache hit)
925 http cache micromark-core-commonmark@https://registry.npmjs.org/micromark-core-commonmark/-/micromark-core-commonmark-2.0.3.tgz 0ms (cache hit)
926 http cache micromark-extension-gfm@https://registry.npmjs.org/micromark-extension-gfm/-/micromark-extension-gfm-3.0.0.tgz 0ms (cache hit)
927 http cache merge2@https://registry.npmjs.org/merge2/-/merge2-1.4.1.tgz 0ms (cache hit)
928 http cache mdast-util-to-string@https://registry.npmjs.org/mdast-util-to-string/-/mdast-util-to-string-4.0.0.tgz 0ms (cache hit)
929 http cache mdast-util-to-markdown@https://registry.npmjs.org/mdast-util-to-markdown/-/mdast-util-to-markdown-2.1.2.tgz 0ms (cache hit)
930 http cache mdast-util-phrasing@https://registry.npmjs.org/mdast-util-phrasing/-/mdast-util-phrasing-4.1.0.tgz 0ms (cache hit)
931 http cache micromark@https://registry.npmjs.org/micromark/-/micromark-4.0.2.tgz 0ms (cache hit)
932 http cache mdast-util-to-hast@https://registry.npmjs.org/mdast-util-to-hast/-/mdast-util-to-hast-13.2.1.tgz 0ms (cache hit)
933 http cache mdast-util-gfm-task-list-item@https://registry.npmjs.org/mdast-util-gfm-task-list-item/-/mdast-util-gfm-task-list-item-2.0.0.tgz 0ms (cache hit)
934 http cache mdast-util-gfm-table@https://registry.npmjs.org/mdast-util-gfm-table/-/mdast-util-gfm-table-2.0.0.tgz 0ms (cache hit)
935 http cache mdast-util-gfm-strikethrough@https://registry.npmjs.org/mdast-util-gfm-strikethrough/-/mdast-util-gfm-strikethrough-2.0.0.tgz 0ms (cache hit)
936 http cache mdast-util-gfm-footnote@https://registry.npmjs.org/mdast-util-gfm-footnote/-/mdast-util-gfm-footnote-2.1.0.tgz 0ms (cache hit)
937 http cache mdast-util-gfm@https://registry.npmjs.org/mdast-util-gfm/-/mdast-util-gfm-3.1.0.tgz 0ms (cache hit)
938 http cache mdast-util-find-and-replace@https://registry.npmjs.org/mdast-util-find-and-replace/-/mdast-util-find-and-replace-3.0.2.tgz 0ms (cache hit)
939 http cache mdast-util-definitions@https://registry.npmjs.org/mdast-util-definitions/-/mdast-util-definitions-6.0.0.tgz 0ms (cache hit)
940 http cache mdast-util-gfm-autolink-literal@https://registry.npmjs.org/mdast-util-gfm-autolink-literal/-/mdast-util-gfm-autolink-literal-2.0.1.tgz 0ms (cache hit)
941 http cache mdast-util-from-markdown@https://registry.npmjs.org/mdast-util-from-markdown/-/mdast-util-from-markdown-2.0.3.tgz 0ms (cache hit)
942 http cache magicast@https://registry.npmjs.org/magicast/-/magicast-0.3.5.tgz 0ms (cache hit)
943 http cache magic-string@https://registry.npmjs.org/magic-string/-/magic-string-0.30.21.tgz 0ms (cache hit)
944 http cache lru-cache@https://registry.npmjs.org/lru-cache/-/lru-cache-5.1.1.tgz 0ms (cache hit)
945 http cache locate-path@https://registry.npmjs.org/locate-path/-/locate-path-5.0.0.tgz 0ms (cache hit)
946 http cache markdown-table@https://registry.npmjs.org/markdown-table/-/markdown-table-3.0.4.tgz 0ms (cache hit)
947 http cache load-yaml-file@https://registry.npmjs.org/load-yaml-file/-/load-yaml-file-0.2.0.tgz 0ms (cache hit)
948 http cache log-symbols@https://registry.npmjs.org/log-symbols/-/log-symbols-6.0.0.tgz 0ms (cache hit)
949 http cache longest-streak@https://registry.npmjs.org/longest-streak/-/longest-streak-3.1.0.tgz 0ms (cache hit)
950 http cache lines-and-columns@https://registry.npmjs.org/lines-and-columns/-/lines-and-columns-1.2.4.tgz 0ms (cache hit)
951 http cache kleur@https://registry.npmjs.org/kleur/-/kleur-4.1.5.tgz 0ms (cache hit)
952 http cache lilconfig@https://registry.npmjs.org/lilconfig/-/lilconfig-3.1.3.tgz 0ms (cache hit)
953 http cache jsonc-parser@https://registry.npmjs.org/jsonc-parser/-/jsonc-parser-2.3.1.tgz 0ms (cache hit)
954 http cache json5@https://registry.npmjs.org/json5/-/json5-2.2.3.tgz 0ms (cache hit)
955 http cache kind-of@https://registry.npmjs.org/kind-of/-/kind-of-6.0.3.tgz 0ms (cache hit)
956 http cache jsesc@https://registry.npmjs.org/jsesc/-/jsesc-3.1.0.tgz 0ms (cache hit)
957 http cache js-tokens@https://registry.npmjs.org/js-tokens/-/js-tokens-4.0.0.tgz 0ms (cache hit)
958 http cache json-schema-traverse@https://registry.npmjs.org/json-schema-traverse/-/json-schema-traverse-1.0.0.tgz 0ms (cache hit)
959 http cache js-yaml@https://registry.npmjs.org/js-yaml/-/js-yaml-4.2.0.tgz 0ms (cache hit)
960 http cache jiti@https://registry.npmjs.org/jiti/-/jiti-1.21.7.tgz 0ms (cache hit)
961 http cache is-wsl@https://registry.npmjs.org/is-wsl/-/is-wsl-3.1.1.tgz 0ms (cache hit)
962 http cache is-number@https://registry.npmjs.org/is-number/-/is-number-7.0.0.tgz 0ms (cache hit)
963 http cache is-plain-obj@https://registry.npmjs.org/is-plain-obj/-/is-plain-obj-4.1.0.tgz 0ms (cache hit)
964 http cache is-interactive@https://registry.npmjs.org/is-interactive/-/is-interactive-2.0.0.tgz 0ms (cache hit)
965 http cache is-unicode-supported@https://registry.npmjs.org/is-unicode-supported/-/is-unicode-supported-2.1.0.tgz 0ms (cache hit)
966 http cache is-inside-container@https://registry.npmjs.org/is-inside-container/-/is-inside-container-1.0.0.tgz 0ms (cache hit)
967 http cache is-extglob@https://registry.npmjs.org/is-extglob/-/is-extglob-2.1.1.tgz 1ms (cache hit)
968 http cache is-docker@https://registry.npmjs.org/is-docker/-/is-docker-3.0.0.tgz 0ms (cache hit)
969 http cache is-glob@https://registry.npmjs.org/is-glob/-/is-glob-4.0.3.tgz 0ms (cache hit)
970 http cache is-core-module@https://registry.npmjs.org/is-core-module/-/is-core-module-2.16.2.tgz 0ms (cache hit)
971 http cache is-binary-path@https://registry.npmjs.org/is-binary-path/-/is-binary-path-2.1.0.tgz 0ms (cache hit)
972 http cache http-cache-semantics@https://registry.npmjs.org/http-cache-semantics/-/http-cache-semantics-4.2.0.tgz 0ms (cache hit)
973 http cache is-arrayish@https://registry.npmjs.org/is-arrayish/-/is-arrayish-0.3.4.tgz 0ms (cache hit)
974 http cache html-void-elements@https://registry.npmjs.org/html-void-elements/-/html-void-elements-3.0.0.tgz 0ms (cache hit)
975 http cache is-extendable@https://registry.npmjs.org/is-extendable/-/is-extendable-0.1.1.tgz 0ms (cache hit)
976 http cache import-meta-resolve@https://registry.npmjs.org/import-meta-resolve/-/import-meta-resolve-4.2.0.tgz 0ms (cache hit)
977 http cache is-fullwidth-code-point@https://registry.npmjs.org/is-fullwidth-code-point/-/is-fullwidth-code-point-3.0.0.tgz 0ms (cache hit)
978 http cache html-escaper@https://registry.npmjs.org/html-escaper/-/html-escaper-3.0.3.tgz 0ms (cache hit)
979 http cache hast-util-whitespace@https://registry.npmjs.org/hast-util-whitespace/-/hast-util-whitespace-3.0.0.tgz 0ms (cache hit)
980 http cache hast-util-to-parse5@https://registry.npmjs.org/hast-util-to-parse5/-/hast-util-to-parse5-8.0.1.tgz 0ms (cache hit)
981 http cache hast-util-to-text@https://registry.npmjs.org/hast-util-to-text/-/hast-util-to-text-4.0.2.tgz 0ms (cache hit)
982 http cache hast-util-to-html@https://registry.npmjs.org/hast-util-to-html/-/hast-util-to-html-9.0.5.tgz 0ms (cache hit)
983 http cache hastscript@https://registry.npmjs.org/hastscript/-/hastscript-9.0.1.tgz 0ms (cache hit)
984 http cache hast-util-is-element@https://registry.npmjs.org/hast-util-is-element/-/hast-util-is-element-3.0.0.tgz 0ms (cache hit)
985 http cache hast-util-parse-selector@https://registry.npmjs.org/hast-util-parse-selector/-/hast-util-parse-selector-4.0.0.tgz 0ms (cache hit)
986 http cache hasown@https://registry.npmjs.org/hasown/-/hasown-2.0.4.tgz 0ms (cache hit)
987 http cache hast-util-from-html@https://registry.npmjs.org/hast-util-from-html/-/hast-util-from-html-2.0.3.tgz 0ms (cache hit)
988 http cache hast-util-raw@https://registry.npmjs.org/hast-util-raw/-/hast-util-raw-9.1.0.tgz 0ms (cache hit)
989 http cache graceful-fs@https://registry.npmjs.org/graceful-fs/-/graceful-fs-4.2.11.tgz 0ms (cache hit)
990 http cache hast-util-from-parse5@https://registry.npmjs.org/hast-util-from-parse5/-/hast-util-from-parse5-8.0.3.tgz 0ms (cache hit)
991 http cache github-slugger@https://registry.npmjs.org/github-slugger/-/github-slugger-2.0.0.tgz 0ms (cache hit)
992 http cache get-east-asian-width@https://registry.npmjs.org/get-east-asian-width/-/get-east-asian-width-1.6.0.tgz 0ms (cache hit)
993 http cache get-caller-file@https://registry.npmjs.org/get-caller-file/-/get-caller-file-2.0.5.tgz 0ms (cache hit)
994 http cache glob-parent@https://registry.npmjs.org/glob-parent/-/glob-parent-5.1.2.tgz 0ms (cache hit)
995 http cache function-bind@https://registry.npmjs.org/function-bind/-/function-bind-1.1.2.tgz 0ms (cache hit)
996 http cache gensync@https://registry.npmjs.org/gensync/-/gensync-1.0.0-beta.2.tgz 0ms (cache hit)
997 http cache fraction.js@https://registry.npmjs.org/fraction.js/-/fraction.js-5.3.4.tgz 0ms (cache hit)
998 http cache find-up-simple@https://registry.npmjs.org/find-up-simple/-/find-up-simple-1.0.1.tgz 0ms (cache hit)
999 http cache flattie@https://registry.npmjs.org/flattie/-/flattie-1.1.1.tgz 0ms (cache hit)
1000 http cache find-yarn-workspace-root2@https://registry.npmjs.org/find-yarn-workspace-root2/-/find-yarn-workspace-root2-1.2.16.tgz 0ms (cache hit)
1001 http cache find-up@https://registry.npmjs.org/find-up/-/find-up-4.1.0.tgz 0ms (cache hit)
1002 http cache fill-range@https://registry.npmjs.org/fill-range/-/fill-range-7.1.1.tgz 0ms (cache hit)
1003 http cache fast-uri@https://registry.npmjs.org/fast-uri/-/fast-uri-3.1.2.tgz 0ms (cache hit)
1004 http cache fast-glob@https://registry.npmjs.org/fast-glob/-/fast-glob-3.3.3.tgz 0ms (cache hit)
1005 http cache fastq@https://registry.npmjs.org/fastq/-/fastq-1.20.1.tgz 1ms (cache hit)
1006 http cache fast-deep-equal@https://registry.npmjs.org/fast-deep-equal/-/fast-deep-equal-3.1.3.tgz 0ms (cache hit)
1007 http cache extend@https://registry.npmjs.org/extend/-/extend-3.0.2.tgz 0ms (cache hit)
1008 http cache escape-string-regexp@https://registry.npmjs.org/escape-string-regexp/-/escape-string-regexp-5.0.0.tgz 0ms (cache hit)
1009 http cache escalade@https://registry.npmjs.org/escalade/-/escalade-3.2.0.tgz 0ms (cache hit)
1010 http cache esprima@https://registry.npmjs.org/esprima/-/esprima-4.0.1.tgz 0ms (cache hit)
1011 http cache extend-shallow@https://registry.npmjs.org/extend-shallow/-/extend-shallow-2.0.1.tgz 0ms (cache hit)
1012 http cache fdir@https://registry.npmjs.org/fdir/-/fdir-6.5.0.tgz 0ms (cache hit)
1013 http cache estree-walker@https://registry.npmjs.org/estree-walker/-/estree-walker-3.0.3.tgz 0ms (cache hit)
1014 http cache esbuild@https://registry.npmjs.org/esbuild/-/esbuild-0.21.5.tgz 0ms (cache hit)
1015 http cache entities@https://registry.npmjs.org/entities/-/entities-6.0.1.tgz 0ms (cache hit)
1016 http cache eventemitter3@https://registry.npmjs.org/eventemitter3/-/eventemitter3-5.0.4.tgz 0ms (cache hit)
1017 http cache emoji-regex-xs@https://registry.npmjs.org/emoji-regex-xs/-/emoji-regex-xs-1.0.0.tgz 0ms (cache hit)
1018 http cache emmet@https://registry.npmjs.org/emmet/-/emmet-2.4.11.tgz 0ms (cache hit)
1019 http cache electron-to-chromium@https://registry.npmjs.org/electron-to-chromium/-/electron-to-chromium-1.5.369.tgz 0ms (cache hit)
1020 http cache es-module-lexer@https://registry.npmjs.org/es-module-lexer/-/es-module-lexer-1.7.0.tgz 0ms (cache hit)
1021 http cache didyoumean@https://registry.npmjs.org/didyoumean/-/didyoumean-1.2.2.tgz 0ms (cache hit)
1022 http cache emoji-regex@https://registry.npmjs.org/emoji-regex/-/emoji-regex-10.6.0.tgz 0ms (cache hit)
1023 http cache diff@https://registry.npmjs.org/diff/-/diff-5.2.2.tgz 0ms (cache hit)
1024 http cache es-errors@https://registry.npmjs.org/es-errors/-/es-errors-1.3.0.tgz 0ms (cache hit)
1025 http cache dlv@https://registry.npmjs.org/dlv/-/dlv-1.1.3.tgz 0ms (cache hit)
1026 http cache dset@https://registry.npmjs.org/dset/-/dset-3.1.4.tgz 0ms (cache hit)
1027 http cache devlop@https://registry.npmjs.org/devlop/-/devlop-1.1.0.tgz 0ms (cache hit)
1028 http cache deterministic-object-hash@https://registry.npmjs.org/deterministic-object-hash/-/deterministic-object-hash-2.0.2.tgz 0ms (cache hit)
1029 http cache dequal@https://registry.npmjs.org/dequal/-/dequal-2.0.3.tgz 0ms (cache hit)
1030 http cache detect-libc@https://registry.npmjs.org/detect-libc/-/detect-libc-2.1.2.tgz 0ms (cache hit)
1031 http cache devalue@https://registry.npmjs.org/devalue/-/devalue-5.8.1.tgz 0ms (cache hit)
1032 http cache decode-named-character-reference@https://registry.npmjs.org/decode-named-character-reference/-/decode-named-character-reference-1.3.0.tgz 0ms (cache hit)
1033 http cache debug@https://registry.npmjs.org/debug/-/debug-4.4.3.tgz 0ms (cache hit)
1034 http cache cssesc@https://registry.npmjs.org/cssesc/-/cssesc-3.0.0.tgz 0ms (cache hit)
1035 http cache convert-source-map@https://registry.npmjs.org/convert-source-map/-/convert-source-map-2.0.0.tgz 0ms (cache hit)
1036 http cache cookie@https://registry.npmjs.org/cookie/-/cookie-0.7.2.tgz 0ms (cache hit)
1037 http cache common-ancestor-path@https://registry.npmjs.org/common-ancestor-path/-/common-ancestor-path-1.0.1.tgz 0ms (cache hit)
1038 http cache commander@https://registry.npmjs.org/commander/-/commander-4.1.1.tgz 0ms (cache hit)
1039 http cache comma-separated-tokens@https://registry.npmjs.org/comma-separated-tokens/-/comma-separated-tokens-2.0.3.tgz 0ms (cache hit)
1040 http cache color-name@https://registry.npmjs.org/color-name/-/color-name-1.1.4.tgz 0ms (cache hit)
1041 http cache color-string@https://registry.npmjs.org/color-string/-/color-string-1.9.1.tgz 0ms (cache hit)
1042 http cache clsx@https://registry.npmjs.org/clsx/-/clsx-2.1.1.tgz 0ms (cache hit)
1043 http cache color@https://registry.npmjs.org/color/-/color-4.2.3.tgz 0ms (cache hit)
1044 http cache cli-spinners@https://registry.npmjs.org/cli-spinners/-/cli-spinners-2.9.2.tgz 0ms (cache hit)
1045 http cache color-convert@https://registry.npmjs.org/color-convert/-/color-convert-2.0.1.tgz 0ms (cache hit)
1046 http cache cliui@https://registry.npmjs.org/cliui/-/cliui-8.0.1.tgz 0ms (cache hit)
1047 http cache cli-boxes@https://registry.npmjs.org/cli-boxes/-/cli-boxes-3.0.0.tgz 0ms (cache hit)
1048 http cache cli-cursor@https://registry.npmjs.org/cli-cursor/-/cli-cursor-5.0.0.tgz 0ms (cache hit)
1049 http cache ci-info@https://registry.npmjs.org/ci-info/-/ci-info-4.4.0.tgz 0ms (cache hit)
1050 http cache chokidar@https://registry.npmjs.org/chokidar/-/chokidar-3.6.0.tgz 0ms (cache hit)
1051 http cache character-entities-html4@https://registry.npmjs.org/character-entities-html4/-/character-entities-html4-2.1.0.tgz 0ms (cache hit)
1052 http cache character-entities-legacy@https://registry.npmjs.org/character-entities-legacy/-/character-entities-legacy-3.0.0.tgz 0ms (cache hit)
1053 http cache character-entities@https://registry.npmjs.org/character-entities/-/character-entities-2.0.2.tgz 0ms (cache hit)
1054 http cache chalk@https://registry.npmjs.org/chalk/-/chalk-5.6.2.tgz 0ms (cache hit)
1055 http cache caniuse-lite@https://registry.npmjs.org/caniuse-lite/-/caniuse-lite-1.0.30001797.tgz 0ms (cache hit)
1056 http cache ccount@https://registry.npmjs.org/ccount/-/ccount-2.0.1.tgz 0ms (cache hit)
1057 http cache camelcase-css@https://registry.npmjs.org/camelcase-css/-/camelcase-css-2.0.1.tgz 0ms (cache hit)
1058 http cache camelcase@https://registry.npmjs.org/camelcase/-/camelcase-8.0.0.tgz 0ms (cache hit)
1059 http cache browserslist@https://registry.npmjs.org/browserslist/-/browserslist-4.28.2.tgz 0ms (cache hit)
1060 http cache boxen@https://registry.npmjs.org/boxen/-/boxen-8.0.1.tgz 0ms (cache hit)
1061 http cache braces@https://registry.npmjs.org/braces/-/braces-3.0.3.tgz 0ms (cache hit)
1062 http cache binary-extensions@https://registry.npmjs.org/binary-extensions/-/binary-extensions-2.3.0.tgz 0ms (cache hit)
1063 http cache baseline-browser-mapping@https://registry.npmjs.org/baseline-browser-mapping/-/baseline-browser-mapping-2.10.34.tgz 0ms (cache hit)
1064 http cache bail@https://registry.npmjs.org/bail/-/bail-2.0.2.tgz 0ms (cache hit)
1065 http cache base-64@https://registry.npmjs.org/base-64/-/base-64-1.0.0.tgz 0ms (cache hit)
1066 http cache autoprefixer@https://registry.npmjs.org/autoprefixer/-/autoprefixer-10.5.0.tgz 0ms (cache hit)
1067 http cache axobject-query@https://registry.npmjs.org/axobject-query/-/axobject-query-4.1.0.tgz 0ms (cache hit)
1068 http cache array-iterate@https://registry.npmjs.org/array-iterate/-/array-iterate-2.0.1.tgz 0ms (cache hit)
1069 http cache aria-query@https://registry.npmjs.org/aria-query/-/aria-query-5.3.2.tgz 0ms (cache hit)
1070 http cache arg@https://registry.npmjs.org/arg/-/arg-5.0.2.tgz 0ms (cache hit)
1071 http cache argparse@https://registry.npmjs.org/argparse/-/argparse-2.0.1.tgz 0ms (cache hit)
1072 http cache anymatch@https://registry.npmjs.org/anymatch/-/anymatch-3.1.3.tgz 0ms (cache hit)
1073 http cache any-promise@https://registry.npmjs.org/any-promise/-/any-promise-1.3.0.tgz 0ms (cache hit)
1074 http cache ansi-regex@https://registry.npmjs.org/ansi-regex/-/ansi-regex-6.2.2.tgz 0ms (cache hit)
1075 http cache @vscode/l10n@https://registry.npmjs.org/@vscode/l10n/-/l10n-0.0.18.tgz 0ms (cache hit)
1076 http cache ansi-styles@https://registry.npmjs.org/ansi-styles/-/ansi-styles-6.2.3.tgz 0ms (cache hit)
1077 http cache ansi-align@https://registry.npmjs.org/ansi-align/-/ansi-align-3.0.1.tgz 0ms (cache hit)
1078 http cache @vscode/emmet-helper@https://registry.npmjs.org/@vscode/emmet-helper/-/emmet-helper-2.11.0.tgz 0ms (cache hit)
1079 http cache ajv-draft-04@https://registry.npmjs.org/ajv-draft-04/-/ajv-draft-04-1.0.0.tgz 0ms (cache hit)
1080 http cache acorn@https://registry.npmjs.org/acorn/-/acorn-8.16.0.tgz 0ms (cache hit)
1081 http cache ajv@https://registry.npmjs.org/ajv/-/ajv-8.20.0.tgz 0ms (cache hit)
1082 http cache @volar/source-map@https://registry.npmjs.org/@volar/source-map/-/source-map-2.4.28.tgz 0ms (cache hit)
1083 http cache @volar/language-service@https://registry.npmjs.org/@volar/language-service/-/language-service-2.4.28.tgz 0ms (cache hit)
1084 http cache @volar/typescript@https://registry.npmjs.org/@volar/typescript/-/typescript-2.4.28.tgz 0ms (cache hit)
1085 http cache @volar/language-server@https://registry.npmjs.org/@volar/language-server/-/language-server-2.4.28.tgz 0ms (cache hit)
1086 http cache @ungap/structured-clone@https://registry.npmjs.org/@ungap/structured-clone/-/structured-clone-1.3.1.tgz 0ms (cache hit)
1087 http cache @volar/language-core@https://registry.npmjs.org/@volar/language-core/-/language-core-2.4.28.tgz 0ms (cache hit)
1088 http cache @volar/kit@https://registry.npmjs.org/@volar/kit/-/kit-2.4.28.tgz 0ms (cache hit)
1089 http cache @types/nlcst@https://registry.npmjs.org/@types/nlcst/-/nlcst-2.0.3.tgz 0ms (cache hit)
1090 http cache @types/unist@https://registry.npmjs.org/@types/unist/-/unist-3.0.3.tgz 0ms (cache hit)
1091 http cache @types/mdast@https://registry.npmjs.org/@types/mdast/-/mdast-4.0.4.tgz 0ms (cache hit)
1092 http cache @types/ms@https://registry.npmjs.org/@types/ms/-/ms-2.1.0.tgz 0ms (cache hit)
1093 http cache @types/hast@https://registry.npmjs.org/@types/hast/-/hast-3.0.4.tgz 1ms (cache hit)
1094 http cache @types/estree@https://registry.npmjs.org/@types/estree/-/estree-1.0.9.tgz 0ms (cache hit)
1095 http cache @types/debug@https://registry.npmjs.org/@types/debug/-/debug-4.1.13.tgz 0ms (cache hit)
1096 http cache @shikijs/vscode-textmate@https://registry.npmjs.org/@shikijs/vscode-textmate/-/vscode-textmate-10.0.2.tgz 0ms (cache hit)
1097 http cache @types/babel__traverse@https://registry.npmjs.org/@types/babel__traverse/-/babel__traverse-7.28.0.tgz 0ms (cache hit)
1098 http cache @types/cookie@https://registry.npmjs.org/@types/cookie/-/cookie-0.6.0.tgz 0ms (cache hit)
1099 http cache @shikijs/types@https://registry.npmjs.org/@shikijs/types/-/types-1.29.2.tgz 0ms (cache hit)
1100 http cache @types/babel__template@https://registry.npmjs.org/@types/babel__template/-/babel__template-7.4.4.tgz 0ms (cache hit)
1101 http cache @types/babel__core@https://registry.npmjs.org/@types/babel__core/-/babel__core-7.20.5.tgz 0ms (cache hit)
1102 http cache @types/babel__generator@https://registry.npmjs.org/@types/babel__generator/-/babel__generator-7.27.0.tgz 0ms (cache hit)
1103 http cache @shikijs/langs@https://registry.npmjs.org/@shikijs/langs/-/langs-1.29.2.tgz 0ms (cache hit)
1104 http cache @shikijs/engine-javascript@https://registry.npmjs.org/@shikijs/engine-javascript/-/engine-javascript-1.29.2.tgz 0ms (cache hit)
1105 http cache @shikijs/engine-oniguruma@https://registry.npmjs.org/@shikijs/engine-oniguruma/-/engine-oniguruma-1.29.2.tgz 0ms (cache hit)
1106 http cache @shikijs/core@https://registry.npmjs.org/@shikijs/core/-/core-1.29.2.tgz 0ms (cache hit)
1107 http cache @oslojs/encoding@https://registry.npmjs.org/@oslojs/encoding/-/encoding-1.1.0.tgz 0ms (cache hit)
1108 http cache @shikijs/themes@https://registry.npmjs.org/@shikijs/themes/-/themes-1.29.2.tgz 0ms (cache hit)
1109 http cache @nodelib/fs.walk@https://registry.npmjs.org/@nodelib/fs.walk/-/fs.walk-1.2.8.tgz 0ms (cache hit)
1110 http cache @jridgewell/trace-mapping@https://registry.npmjs.org/@jridgewell/trace-mapping/-/trace-mapping-0.3.31.tgz 0ms (cache hit)
1111 http cache @nodelib/fs.stat@https://registry.npmjs.org/@nodelib/fs.stat/-/fs.stat-2.0.5.tgz 0ms (cache hit)
1112 http cache @rollup/pluginutils@https://registry.npmjs.org/@rollup/pluginutils/-/pluginutils-5.4.0.tgz 0ms (cache hit)
1113 http cache @rollup/rollup-win32-x64-gnu@https://registry.npmjs.org/@rollup/rollup-win32-x64-gnu/-/rollup-win32-x64-gnu-4.61.1.tgz 0ms (cache hit)
1114 http cache @rollup/rollup-win32-x64-msvc@https://registry.npmjs.org/@rollup/rollup-win32-x64-msvc/-/rollup-win32-x64-msvc-4.61.1.tgz 0ms (cache hit)
1115 http cache @nodelib/fs.scandir@https://registry.npmjs.org/@nodelib/fs.scandir/-/fs.scandir-2.1.5.tgz 0ms (cache hit)
1116 http cache @jridgewell/sourcemap-codec@https://registry.npmjs.org/@jridgewell/sourcemap-codec/-/sourcemap-codec-1.5.5.tgz 0ms (cache hit)
1117 http cache @img/sharp-win32-x64@https://registry.npmjs.org/@img/sharp-win32-x64/-/sharp-win32-x64-0.33.5.tgz 0ms (cache hit)
1118 http cache @jridgewell/resolve-uri@https://registry.npmjs.org/@jridgewell/resolve-uri/-/resolve-uri-3.1.2.tgz 0ms (cache hit)
1119 http cache @esbuild/win32-x64@https://registry.npmjs.org/@esbuild/win32-x64/-/win32-x64-0.21.5.tgz 0ms (cache hit)
1120 http cache @jridgewell/gen-mapping@https://registry.npmjs.org/@jridgewell/gen-mapping/-/gen-mapping-0.3.13.tgz 0ms (cache hit)
1121 http cache @jridgewell/remapping@https://registry.npmjs.org/@jridgewell/remapping/-/remapping-2.3.5.tgz 0ms (cache hit)
1122 http cache @emnapi/runtime@https://registry.npmjs.org/@emnapi/runtime/-/runtime-1.11.0.tgz 0ms (cache hit)
1123 http cache @emmetio/stream-reader-utils@https://registry.npmjs.org/@emmetio/stream-reader-utils/-/stream-reader-utils-0.1.0.tgz 0ms (cache hit)
1124 http cache @emmetio/stream-reader@https://registry.npmjs.org/@emmetio/stream-reader/-/stream-reader-2.2.0.tgz 0ms (cache hit)
1125 http cache @biomejs/cli-win32-x64@https://registry.npmjs.org/@biomejs/cli-win32-x64/-/cli-win32-x64-1.7.3.tgz 0ms (cache hit)
1126 http cache @emmetio/scanner@https://registry.npmjs.org/@emmetio/scanner/-/scanner-1.0.4.tgz 0ms (cache hit)
1127 http cache @babel/types@https://registry.npmjs.org/@babel/types/-/types-7.29.7.tgz 0ms (cache hit)
1128 http cache @babel/template@https://registry.npmjs.org/@babel/template/-/template-7.29.7.tgz 0ms (cache hit)
1129 http cache @emmetio/html-matcher@https://registry.npmjs.org/@emmetio/html-matcher/-/html-matcher-1.3.0.tgz 0ms (cache hit)
1130 http cache @emmetio/css-abbreviation@https://registry.npmjs.org/@emmetio/css-abbreviation/-/css-abbreviation-2.1.8.tgz 0ms (cache hit)
1131 http cache @babel/plugin-transform-react-jsx@https://registry.npmjs.org/@babel/plugin-transform-react-jsx/-/plugin-transform-react-jsx-7.29.7.tgz 0ms (cache hit)
1132 http cache @emmetio/abbreviation@https://registry.npmjs.org/@emmetio/abbreviation/-/abbreviation-2.3.3.tgz 0ms (cache hit)
1133 http cache @emmetio/css-parser@https://registry.npmjs.org/@emmetio/css-parser/-/css-parser-0.4.1.tgz 0ms (cache hit)
1134 http cache @babel/plugin-syntax-jsx@https://registry.npmjs.org/@babel/plugin-syntax-jsx/-/plugin-syntax-jsx-7.29.7.tgz 0ms (cache hit)
1135 http cache @babel/traverse@https://registry.npmjs.org/@babel/traverse/-/traverse-7.29.7.tgz 0ms (cache hit)
1136 http cache @babel/helper-validator-identifier@https://registry.npmjs.org/@babel/helper-validator-identifier/-/helper-validator-identifier-7.29.7.tgz 0ms (cache hit)
1137 http cache @babel/parser@https://registry.npmjs.org/@babel/parser/-/parser-7.29.7.tgz 0ms (cache hit)
1138 http cache @babel/helper-validator-option@https://registry.npmjs.org/@babel/helper-validator-option/-/helper-validator-option-7.29.7.tgz 0ms (cache hit)
1139 http cache @babel/helper-string-parser@https://registry.npmjs.org/@babel/helper-string-parser/-/helper-string-parser-7.29.7.tgz 0ms (cache hit)
1140 http cache @babel/helpers@https://registry.npmjs.org/@babel/helpers/-/helpers-7.29.7.tgz 0ms (cache hit)
1141 http cache @babel/helper-globals@https://registry.npmjs.org/@babel/helper-globals/-/helper-globals-7.29.7.tgz 0ms (cache hit)
1142 http cache @babel/helper-plugin-utils@https://registry.npmjs.org/@babel/helper-plugin-utils/-/helper-plugin-utils-7.29.7.tgz 0ms (cache hit)
1143 http cache @babel/helper-module-transforms@https://registry.npmjs.org/@babel/helper-module-transforms/-/helper-module-transforms-7.29.7.tgz 0ms (cache hit)
1144 http cache @babel/helper-module-imports@https://registry.npmjs.org/@babel/helper-module-imports/-/helper-module-imports-7.29.7.tgz 0ms (cache hit)
1145 http cache @astrojs/yaml2ts@https://registry.npmjs.org/@astrojs/yaml2ts/-/yaml2ts-0.2.4.tgz 0ms (cache hit)
1146 http cache @babel/helper-annotate-as-pure@https://registry.npmjs.org/@babel/helper-annotate-as-pure/-/helper-annotate-as-pure-7.29.7.tgz 0ms (cache hit)
1147 http cache @babel/core@https://registry.npmjs.org/@babel/core/-/core-7.29.7.tgz 0ms (cache hit)
1148 http cache @babel/generator@https://registry.npmjs.org/@babel/generator/-/generator-7.29.7.tgz 0ms (cache hit)
1149 http cache @astrojs/telemetry@https://registry.npmjs.org/@astrojs/telemetry/-/telemetry-3.1.0.tgz 0ms (cache hit)
1150 http cache @babel/helper-compilation-targets@https://registry.npmjs.org/@babel/helper-compilation-targets/-/helper-compilation-targets-7.29.7.tgz 0ms (cache hit)
1151 http cache @babel/compat-data@https://registry.npmjs.org/@babel/compat-data/-/compat-data-7.29.7.tgz 0ms (cache hit)
1152 http cache @babel/code-frame@https://registry.npmjs.org/@babel/code-frame/-/code-frame-7.29.7.tgz 0ms (cache hit)
1153 http cache @astrojs/markdown-remark@https://registry.npmjs.org/@astrojs/markdown-remark/-/markdown-remark-5.3.0.tgz 0ms (cache hit)
1154 http cache @alloc/quick-lru@https://registry.npmjs.org/@alloc/quick-lru/-/quick-lru-5.2.0.tgz 0ms (cache hit)
1155 http cache @astrojs/prism@https://registry.npmjs.org/@astrojs/prism/-/prism-3.1.0.tgz 0ms (cache hit)
1156 http cache @types/node@https://registry.npmjs.org/@types/node/-/node-26.2.0.tgz 0ms (cache hit)
1157 http cache @astrojs/compiler@https://registry.npmjs.org/@astrojs/compiler/-/compiler-2.13.1.tgz 0ms (cache hit)
1158 http cache @astrojs/internal-helpers@https://registry.npmjs.org/@astrojs/internal-helpers/-/internal-helpers-0.4.1.tgz 0ms (cache hit)
1159 http cache @tailwindcss/typography@https://registry.npmjs.org/@tailwindcss/typography/-/typography-0.5.20.tgz 0ms (cache hit)
1160 http cache @biomejs/biome@https://registry.npmjs.org/@biomejs/biome/-/biome-1.7.3.tgz 0ms (cache hit)
1161 http cache volar-service-prettier@https://registry.npmjs.org/volar-service-prettier/-/volar-service-prettier-0.0.70.tgz 0ms (cache hit)
1162 http cache @astrojs/language-server@https://registry.npmjs.org/@astrojs/language-server/-/language-server-2.16.10.tgz 0ms (cache hit)
1163 http cache typescript@https://registry.npmjs.org/typescript/-/typescript-5.9.3.tgz 0ms (cache hit)
1164 http cache @astrojs/tailwind@https://registry.npmjs.org/@astrojs/tailwind/-/tailwind-5.1.5.tgz 0ms (cache hit)
1165 http cache @astrojs/check@https://registry.npmjs.org/@astrojs/check/-/check-0.6.0.tgz 0ms (cache hit)
1166 http cache @astrojs/vercel@https://registry.npmjs.org/@astrojs/vercel/-/vercel-7.8.2.tgz 0ms (cache hit)
1167 http cache yallist@https://registry.npmjs.org/yallist/-/yallist-5.0.0.tgz 0ms (cache hit)
1168 http cache astro@https://registry.npmjs.org/astro/-/astro-4.16.19.tgz 0ms (cache hit)
1169 http cache jose@https://registry.npmjs.org/jose/-/jose-6.2.10.tgz 0ms (cache hit)
1170 http cache tailwindcss@https://registry.npmjs.org/tailwindcss/-/tailwindcss-3.4.19.tgz 0ms (cache hit)
1171 http cache estree-walker@https://registry.npmjs.org/estree-walker/-/estree-walker-2.0.2.tgz 0ms (cache hit)
1172 http cache prettier@https://registry.npmjs.org/prettier/-/prettier-3.8.3.tgz 0ms (cache hit)
1173 http cache argparse@https://registry.npmjs.org/argparse/-/argparse-1.0.10.tgz 0ms (cache hit)
1174 http cache @octokit/types@https://registry.npmjs.org/@octokit/types/-/types-16.0.0.tgz 0ms (cache hit)
1175 http cache @octokit/types@https://registry.npmjs.org/@octokit/types/-/types-16.0.0.tgz 0ms (cache hit)
1176 http cache strip-ansi@https://registry.npmjs.org/strip-ansi/-/strip-ansi-6.0.1.tgz 0ms (cache hit)
1177 http cache js-yaml@https://registry.npmjs.org/js-yaml/-/js-yaml-3.14.2.tgz 0ms (cache hit)
1178 http cache request-light@https://registry.npmjs.org/request-light/-/request-light-0.5.8.tgz 1ms (cache hit)
1179 http cache @octokit/openapi-types@https://registry.npmjs.org/@octokit/openapi-types/-/openapi-types-27.0.0.tgz 0ms (cache hit)
1180 http cache yaml@https://registry.npmjs.org/yaml/-/yaml-2.7.1.tgz 0ms (cache hit)
1181 http cache string-width@https://registry.npmjs.org/string-width/-/string-width-4.2.3.tgz 0ms (cache hit)
1182 http cache emoji-regex@https://registry.npmjs.org/emoji-regex/-/emoji-regex-8.0.0.tgz 0ms (cache hit)
1183 http cache ansi-regex@https://registry.npmjs.org/ansi-regex/-/ansi-regex-5.0.1.tgz 0ms (cache hit)
1184 http cache vscode-languageserver-protocol@https://registry.npmjs.org/vscode-languageserver-protocol/-/vscode-languageserver-protocol-3.17.5.tgz 0ms (cache hit)
1185 http cache @octokit/openapi-types@https://registry.npmjs.org/@octokit/openapi-types/-/openapi-types-27.0.0.tgz 0ms (cache hit)
1186 http cache vscode-languageserver-types@https://registry.npmjs.org/vscode-languageserver-types/-/vscode-languageserver-types-3.17.5.tgz 0ms (cache hit)
1187 http cache vscode-languageserver-types@https://registry.npmjs.org/vscode-languageserver-types/-/vscode-languageserver-types-3.17.5.tgz 0ms (cache hit)
1188 http cache jsonc-parser@https://registry.npmjs.org/jsonc-parser/-/jsonc-parser-3.3.1.tgz 0ms (cache hit)
1189 http cache picomatch@https://registry.npmjs.org/picomatch/-/picomatch-2.3.2.tgz 0ms (cache hit)
1190 http cache postcss-selector-parser@https://registry.npmjs.org/postcss-selector-parser/-/postcss-selector-parser-6.1.2.tgz 0ms (cache hit)
1191 http cache p-limit@https://registry.npmjs.org/p-limit/-/p-limit-2.3.0.tgz 0ms (cache hit)
1192 http cache pify@https://registry.npmjs.org/pify/-/pify-4.0.1.tgz 0ms (cache hit)
1193 http cache vscode-jsonrpc@https://registry.npmjs.org/vscode-jsonrpc/-/vscode-jsonrpc-8.2.0.tgz 0ms (cache hit)
1194 http cache kleur@https://registry.npmjs.org/kleur/-/kleur-3.0.3.tgz 0ms (cache hit)
1195 http cache js-yaml@https://registry.npmjs.org/js-yaml/-/js-yaml-3.14.2.tgz 0ms (cache hit)
1196 http cache picomatch@https://registry.npmjs.org/picomatch/-/picomatch-2.3.2.tgz 0ms (cache hit)
1197 http cache argparse@https://registry.npmjs.org/argparse/-/argparse-1.0.10.tgz 0ms (cache hit)
1198 http cache is-unicode-supported@https://registry.npmjs.org/is-unicode-supported/-/is-unicode-supported-1.3.0.tgz 0ms (cache hit)
1199 http cache string-width@https://registry.npmjs.org/string-width/-/string-width-4.2.3.tgz 0ms (cache hit)
1200 http cache picomatch@https://registry.npmjs.org/picomatch/-/picomatch-2.3.2.tgz 0ms (cache hit)
1201 http cache wrap-ansi@https://registry.npmjs.org/wrap-ansi/-/wrap-ansi-7.0.0.tgz 0ms (cache hit)
1202 http cache emoji-regex@https://registry.npmjs.org/emoji-regex/-/emoji-regex-8.0.0.tgz 0ms (cache hit)
1203 http cache strip-ansi@https://registry.npmjs.org/strip-ansi/-/strip-ansi-6.0.1.tgz 0ms (cache hit)
1204 http cache strip-ansi@https://registry.npmjs.org/strip-ansi/-/strip-ansi-6.0.1.tgz 0ms (cache hit)
1205 http cache ansi-styles@https://registry.npmjs.org/ansi-styles/-/ansi-styles-4.3.0.tgz 0ms (cache hit)
1206 http cache ansi-regex@https://registry.npmjs.org/ansi-regex/-/ansi-regex-5.0.1.tgz 0ms (cache hit)
1207 http cache estree-walker@https://registry.npmjs.org/estree-walker/-/estree-walker-2.0.2.tgz 0ms (cache hit)
1208 http cache emoji-regex@https://registry.npmjs.org/emoji-regex/-/emoji-regex-8.0.0.tgz 0ms (cache hit)
1209 http cache semver@https://registry.npmjs.org/semver/-/semver-6.3.1.tgz 0ms (cache hit)
1210 http cache @vercel/analytics@https://registry.npmjs.org/@vercel/analytics/-/analytics-1.6.1.tgz 0ms (cache hit)
1211 http cache semver@https://registry.npmjs.org/semver/-/semver-6.3.1.tgz 0ms (cache hit)
1212 http cache string-width@https://registry.npmjs.org/string-width/-/string-width-4.2.3.tgz 0ms (cache hit)
1213 silly tarball no local data for @isaacs/fs-minipass@https://registry.npmjs.org/@isaacs/fs-minipass/-/fs-minipass-4.0.1.tgz. Extracting by manifest.
1214 silly tarball no local data for tr46@https://registry.npmjs.org/tr46/-/tr46-0.0.3.tgz. Extracting by manifest.
1215 silly tarball no local data for webidl-conversions@https://registry.npmjs.org/webidl-conversions/-/webidl-conversions-3.0.1.tgz. Extracting by manifest.
1216 silly tarball no local data for minizlib@https://registry.npmjs.org/minizlib/-/minizlib-3.1.0.tgz. Extracting by manifest.
1217 silly tarball no local data for minipass@https://registry.npmjs.org/minipass/-/minipass-7.1.3.tgz. Extracting by manifest.
1218 silly tarball no local data for abbrev@https://registry.npmjs.org/abbrev/-/abbrev-3.0.1.tgz. Extracting by manifest.
1219 silly tarball no local data for whatwg-url@https://registry.npmjs.org/whatwg-url/-/whatwg-url-5.0.0.tgz. Extracting by manifest.
1220 silly tarball no local data for concat-map@https://registry.npmjs.org/concat-map/-/concat-map-0.0.1.tgz. Extracting by manifest.
1221 silly tarball no local data for chownr@https://registry.npmjs.org/chownr/-/chownr-3.0.0.tgz. Extracting by manifest.
1222 silly tarball no local data for brace-expansion@https://registry.npmjs.org/brace-expansion/-/brace-expansion-1.1.18.tgz. Extracting by manifest.
1223 silly tarball no local data for balanced-match@https://registry.npmjs.org/balanced-match/-/balanced-match-1.0.2.tgz. Extracting by manifest.
1224 http cache ansi-regex@https://registry.npmjs.org/ansi-regex/-/ansi-regex-5.0.1.tgz 0ms (cache hit)
1225 silly tarball no local data for agent-base@https://registry.npmjs.org/agent-base/-/agent-base-7.1.4.tgz. Extracting by manifest.
1226 silly tarball no local data for wrappy@https://registry.npmjs.org/wrappy/-/wrappy-1.0.2.tgz. Extracting by manifest.
1227 silly tarball no local data for once@https://registry.npmjs.org/once/-/once-1.4.0.tgz. Extracting by manifest.
1228 silly tarball no local data for path-is-absolute@https://registry.npmjs.org/path-is-absolute/-/path-is-absolute-1.0.1.tgz. Extracting by manifest.
1229 silly tarball no local data for inherits@https://registry.npmjs.org/inherits/-/inherits-2.0.4.tgz. Extracting by manifest.
1230 silly tarball no local data for minimatch@https://registry.npmjs.org/minimatch/-/minimatch-3.1.5.tgz. Extracting by manifest.
1231 silly tarball no local data for inflight@https://registry.npmjs.org/inflight/-/inflight-1.0.6.tgz. Extracting by manifest.
1232 silly tarball no local data for file-uri-to-path@https://registry.npmjs.org/file-uri-to-path/-/file-uri-to-path-1.0.0.tgz. Extracting by manifest.
1233 silly tarball no local data for fs.realpath@https://registry.npmjs.org/fs.realpath/-/fs.realpath-1.0.0.tgz. Extracting by manifest.
1234 silly tarball no local data for tar@https://registry.npmjs.org/tar/-/tar-7.5.22.tgz. Extracting by manifest.
1235 http cache postcss-selector-parser@https://registry.npmjs.org/postcss-selector-parser/-/postcss-selector-parser-6.1.2.tgz 0ms (cache hit)
1236 silly tarball no local data for node-fetch@https://registry.npmjs.org/node-fetch/-/node-fetch-2.7.0.tgz. Extracting by manifest.
1237 silly tarball no local data for nopt@https://registry.npmjs.org/nopt/-/nopt-8.1.0.tgz. Extracting by manifest.
1238 silly tarball no local data for consola@https://registry.npmjs.org/consola/-/consola-3.4.2.tgz. Extracting by manifest.
1239 silly tarball no local data for https-proxy-agent@https://registry.npmjs.org/https-proxy-agent/-/https-proxy-agent-7.0.6.tgz. Extracting by manifest.
1240 silly tarball no local data for node-gyp-build@https://registry.npmjs.org/node-gyp-build/-/node-gyp-build-4.8.4.tgz. Extracting by manifest.
1241 silly tarball no local data for resolve-from@https://registry.npmjs.org/resolve-from/-/resolve-from-5.0.0.tgz. Extracting by manifest.
1242 silly tarball no local data for bindings@https://registry.npmjs.org/bindings/-/bindings-1.5.0.tgz. Extracting by manifest.
1243 silly tarball no local data for @mapbox/node-pre-gyp@https://registry.npmjs.org/@mapbox/node-pre-gyp/-/node-pre-gyp-2.0.3.tgz. Extracting by manifest.
1244 silly tarball no local data for glob@https://registry.npmjs.org/glob/-/glob-7.2.3.tgz. Extracting by manifest.
1245 silly tarball no local data for undici-types@https://registry.npmjs.org/undici-types/-/undici-types-8.3.0.tgz. Extracting by manifest.
1246 silly tarball no local data for async-sema@https://registry.npmjs.org/async-sema/-/async-sema-3.1.1.tgz. Extracting by manifest.
1247 silly tarball no local data for @octokit/openapi-types@https://registry.npmjs.org/@octokit/openapi-types/-/openapi-types-28.0.0.tgz. Extracting by manifest.
1248 silly tarball no local data for acorn-import-attributes@https://registry.npmjs.org/acorn-import-attributes/-/acorn-import-attributes-1.9.5.tgz. Extracting by manifest.
1249 silly tarball no local data for @octokit/endpoint@https://registry.npmjs.org/@octokit/endpoint/-/endpoint-11.0.4.tgz. Extracting by manifest.
1250 silly tarball no local data for @octokit/types@https://registry.npmjs.org/@octokit/types/-/types-17.0.0.tgz. Extracting by manifest.
1251 silly tarball no local data for @octokit/request-error@https://registry.npmjs.org/@octokit/request-error/-/request-error-7.1.1.tgz. Extracting by manifest.
1252 http cache glob-parent@https://registry.npmjs.org/glob-parent/-/glob-parent-6.0.2.tgz 0ms (cache hit)
1253 silly tarball no local data for content-type@https://registry.npmjs.org/content-type/-/content-type-3.0.0.tgz. Extracting by manifest.
1254 silly tarball no local data for json-with-bigint@https://registry.npmjs.org/json-with-bigint/-/json-with-bigint-3.5.12.tgz. Extracting by manifest.
1255 silly tarball no local data for universal-user-agent@https://registry.npmjs.org/universal-user-agent/-/universal-user-agent-7.0.3.tgz. Extracting by manifest.
1256 silly tarball no local data for before-after-hook@https://registry.npmjs.org/before-after-hook/-/before-after-hook-4.0.0.tgz. Extracting by manifest.
1257 silly tarball no local data for web-vitals@https://registry.npmjs.org/web-vitals/-/web-vitals-3.5.2.tgz. Extracting by manifest.
1258 silly tarball no local data for @vercel/nft@https://registry.npmjs.org/@vercel/nft/-/nft-0.27.10.tgz. Extracting by manifest.
1259 silly tarball no local data for @octokit/request@https://registry.npmjs.org/@octokit/request/-/request-10.0.15.tgz. Extracting by manifest.
1260 silly tarball no local data for @octokit/auth-token@https://registry.npmjs.org/@octokit/auth-token/-/auth-token-6.0.0.tgz. Extracting by manifest.
1261 silly tarball no local data for gray-matter@https://registry.npmjs.org/gray-matter/-/gray-matter-4.0.3.tgz. Extracting by manifest.
1262 silly tarball no local data for @octokit/graphql@https://registry.npmjs.org/@octokit/graphql/-/graphql-9.0.4.tgz. Extracting by manifest.
1263 silly tarball no local data for @vercel/edge@https://registry.npmjs.org/@vercel/edge/-/edge-1.3.3.tgz. Extracting by manifest.
1264 silly tarball no local data for @octokit/plugin-paginate-rest@https://registry.npmjs.org/@octokit/plugin-paginate-rest/-/plugin-paginate-rest-14.0.0.tgz. Extracting by manifest.
1265 silly tarball no local data for @octokit/plugin-rest-endpoint-methods@https://registry.npmjs.org/@octokit/plugin-rest-endpoint-methods/-/plugin-rest-endpoint-methods-17.0.0.tgz. Extracting by manifest.
1266 silly tarball no local data for zwitch@https://registry.npmjs.org/zwitch/-/zwitch-2.0.4.tgz. Extracting by manifest.
1267 silly tarball no local data for zod-to-ts@https://registry.npmjs.org/zod-to-ts/-/zod-to-ts-1.2.0.tgz. Extracting by manifest.
1268 silly tarball no local data for @octokit/core@https://registry.npmjs.org/@octokit/core/-/core-7.0.7.tgz. Extracting by manifest.
1269 silly tarball no local data for @octokit/rest@https://registry.npmjs.org/@octokit/rest/-/rest-22.0.1.tgz. Extracting by manifest.
1270 silly tarball no local data for @octokit/plugin-request-log@https://registry.npmjs.org/@octokit/plugin-request-log/-/plugin-request-log-6.0.0.tgz. Extracting by manifest.
1271 silly tarball no local data for zod-to-json-schema@https://registry.npmjs.org/zod-to-json-schema/-/zod-to-json-schema-3.25.2.tgz. Extracting by manifest.
1272 silly tarball no local data for zod@https://registry.npmjs.org/zod/-/zod-3.25.76.tgz. Extracting by manifest.
1273 silly tarball no local data for yargs@https://registry.npmjs.org/yargs/-/yargs-17.7.2.tgz. Extracting by manifest.
1274 silly tarball no local data for yaml-language-server@https://registry.npmjs.org/yaml-language-server/-/yaml-language-server-1.20.0.tgz. Extracting by manifest.
1275 silly tarball no local data for yargs-parser@https://registry.npmjs.org/yargs-parser/-/yargs-parser-21.1.1.tgz. Extracting by manifest.
1276 silly tarball no local data for yaml@https://registry.npmjs.org/yaml/-/yaml-2.9.0.tgz. Extracting by manifest.
1277 silly tarball no local data for yocto-queue@https://registry.npmjs.org/yocto-queue/-/yocto-queue-1.2.2.tgz. Extracting by manifest.
1278 silly tarball no local data for yallist@https://registry.npmjs.org/yallist/-/yallist-3.1.1.tgz. Extracting by manifest.
1279 silly tarball no local data for xxhash-wasm@https://registry.npmjs.org/xxhash-wasm/-/xxhash-wasm-1.1.0.tgz. Extracting by manifest.
1280 silly tarball no local data for y18n@https://registry.npmjs.org/y18n/-/y18n-5.0.8.tgz. Extracting by manifest.
1281 silly tarball no local data for wrap-ansi@https://registry.npmjs.org/wrap-ansi/-/wrap-ansi-9.0.2.tgz. Extracting by manifest.
1282 silly tarball no local data for widest-line@https://registry.npmjs.org/widest-line/-/widest-line-5.0.0.tgz. Extracting by manifest.
1283 silly tarball no local data for web-namespaces@https://registry.npmjs.org/web-namespaces/-/web-namespaces-2.0.1.tgz. Extracting by manifest.
1284 silly tarball no local data for which-pm-runs@https://registry.npmjs.org/which-pm-runs/-/which-pm-runs-1.1.0.tgz. Extracting by manifest.
1285 silly tarball no local data for which-pm@https://registry.npmjs.org/which-pm/-/which-pm-3.0.1.tgz. Extracting by manifest.
1286 silly tarball no local data for vscode-nls@https://registry.npmjs.org/vscode-nls/-/vscode-nls-5.2.0.tgz. Extracting by manifest.
1287 silly tarball no local data for vscode-uri@https://registry.npmjs.org/vscode-uri/-/vscode-uri-3.1.0.tgz. Extracting by manifest.
1288 silly tarball no local data for vscode-languageserver-textdocument@https://registry.npmjs.org/vscode-languageserver-textdocument/-/vscode-languageserver-textdocument-1.0.12.tgz. Extracting by manifest.
1289 silly tarball no local data for vscode-languageserver-types@https://registry.npmjs.org/vscode-languageserver-types/-/vscode-languageserver-types-3.18.0.tgz. Extracting by manifest.
1290 silly tarball no local data for vscode-languageserver-protocol@https://registry.npmjs.org/vscode-languageserver-protocol/-/vscode-languageserver-protocol-3.18.0.tgz. Extracting by manifest.
1291 silly tarball no local data for vscode-jsonrpc@https://registry.npmjs.org/vscode-jsonrpc/-/vscode-jsonrpc-9.0.0.tgz. Extracting by manifest.
1292 silly tarball no local data for vscode-html-languageservice@https://registry.npmjs.org/vscode-html-languageservice/-/vscode-html-languageservice-5.6.2.tgz. Extracting by manifest.
1293 silly tarball no local data for volar-service-yaml@https://registry.npmjs.org/volar-service-yaml/-/volar-service-yaml-0.0.70.tgz. Extracting by manifest.
1294 silly tarball no local data for vscode-css-languageservice@https://registry.npmjs.org/vscode-css-languageservice/-/vscode-css-languageservice-6.3.10.tgz. Extracting by manifest.
1295 silly tarball no local data for vscode-json-languageservice@https://registry.npmjs.org/vscode-json-languageservice/-/vscode-json-languageservice-4.1.8.tgz. Extracting by manifest.
1296 silly tarball no local data for volar-service-typescript@https://registry.npmjs.org/volar-service-typescript/-/volar-service-typescript-0.0.70.tgz. Extracting by manifest.
1297 silly tarball no local data for vscode-languageserver@https://registry.npmjs.org/vscode-languageserver/-/vscode-languageserver-9.0.1.tgz. Extracting by manifest.
1298 silly tarball no local data for volar-service-emmet@https://registry.npmjs.org/volar-service-emmet/-/volar-service-emmet-0.0.70.tgz. Extracting by manifest.
1299 silly tarball no local data for volar-service-css@https://registry.npmjs.org/volar-service-css/-/volar-service-css-0.0.70.tgz. Extracting by manifest.
1300 silly tarball no local data for volar-service-html@https://registry.npmjs.org/volar-service-html/-/volar-service-html-0.0.70.tgz. Extracting by manifest.
1301 silly tarball no local data for vite@https://registry.npmjs.org/vite/-/vite-5.4.21.tgz. Extracting by manifest.
1302 silly tarball no local data for vfile-message@https://registry.npmjs.org/vfile-message/-/vfile-message-4.0.3.tgz. Extracting by manifest.
1303 silly tarball no local data for volar-service-typescript-twoslash-queries@https://registry.npmjs.org/volar-service-typescript-twoslash-queries/-/volar-service-typescript-twoslash-queries-0.0.70.tgz. Extracting by manifest.
1304 silly tarball no local data for vfile@https://registry.npmjs.org/vfile/-/vfile-6.0.3.tgz. Extracting by manifest.
1305 silly tarball no local data for vitefu@https://registry.npmjs.org/vitefu/-/vitefu-1.1.3.tgz. Extracting by manifest.
1306 silly tarball no local data for util-deprecate@https://registry.npmjs.org/util-deprecate/-/util-deprecate-1.0.2.tgz. Extracting by manifest.
1307 silly tarball no local data for update-browserslist-db@https://registry.npmjs.org/update-browserslist-db/-/update-browserslist-db-1.2.3.tgz. Extracting by manifest.
1308 silly tarball no local data for unist-util-visit-parents@https://registry.npmjs.org/unist-util-visit-parents/-/unist-util-visit-parents-6.0.2.tgz. Extracting by manifest.
1309 silly tarball no local data for unist-util-stringify-position@https://registry.npmjs.org/unist-util-stringify-position/-/unist-util-stringify-position-4.0.0.tgz. Extracting by manifest.
1310 silly tarball no local data for vfile-location@https://registry.npmjs.org/vfile-location/-/vfile-location-5.0.3.tgz. Extracting by manifest.
1311 silly tarball no local data for unist-util-position@https://registry.npmjs.org/unist-util-position/-/unist-util-position-5.0.0.tgz. Extracting by manifest.
1312 silly tarball no local data for unist-util-remove-position@https://registry.npmjs.org/unist-util-remove-position/-/unist-util-remove-position-5.0.0.tgz. Extracting by manifest.
1313 silly tarball no local data for unist-util-visit-children@https://registry.npmjs.org/unist-util-visit-children/-/unist-util-visit-children-3.0.0.tgz. Extracting by manifest.
1314 silly tarball no local data for unist-util-visit@https://registry.npmjs.org/unist-util-visit/-/unist-util-visit-5.1.0.tgz. Extracting by manifest.
1315 silly tarball no local data for unist-util-modify-children@https://registry.npmjs.org/unist-util-modify-children/-/unist-util-modify-children-4.0.0.tgz. Extracting by manifest.
1316 silly tarball no local data for unist-util-is@https://registry.npmjs.org/unist-util-is/-/unist-util-is-6.0.1.tgz. Extracting by manifest.
1317 silly tarball no local data for unified@https://registry.npmjs.org/unified/-/unified-11.0.5.tgz. Extracting by manifest.
1318 silly tarball no local data for unist-util-find-after@https://registry.npmjs.org/unist-util-find-after/-/unist-util-find-after-5.0.0.tgz. Extracting by manifest.
1319 silly tarball no local data for typesafe-path@https://registry.npmjs.org/typesafe-path/-/typesafe-path-0.2.2.tgz. Extracting by manifest.
1320 silly tarball no local data for trough@https://registry.npmjs.org/trough/-/trough-2.2.0.tgz. Extracting by manifest.
1321 silly tarball no local data for tslib@https://registry.npmjs.org/tslib/-/tslib-2.8.1.tgz. Extracting by manifest.
1322 silly tarball no local data for typescript-auto-import-cache@https://registry.npmjs.org/typescript-auto-import-cache/-/typescript-auto-import-cache-0.3.6.tgz. Extracting by manifest.
1323 silly tarball no local data for tsconfck@https://registry.npmjs.org/tsconfck/-/tsconfck-3.1.6.tgz. Extracting by manifest.
1324 silly tarball no local data for ts-interface-checker@https://registry.npmjs.org/ts-interface-checker/-/ts-interface-checker-0.1.13.tgz. Extracting by manifest.
1325 silly tarball no local data for type-fest@https://registry.npmjs.org/type-fest/-/type-fest-4.41.0.tgz. Extracting by manifest.
1326 silly tarball no local data for tinyglobby@https://registry.npmjs.org/tinyglobby/-/tinyglobby-0.2.17.tgz. Extracting by manifest.
1327 silly tarball no local data for trim-lines@https://registry.npmjs.org/trim-lines/-/trim-lines-3.0.1.tgz. Extracting by manifest.
1328 silly tarball no local data for tinyexec@https://registry.npmjs.org/tinyexec/-/tinyexec-0.3.2.tgz. Extracting by manifest.
1329 silly tarball no local data for sucrase@https://registry.npmjs.org/sucrase/-/sucrase-3.35.1.tgz. Extracting by manifest.
1330 silly tarball no local data for to-regex-range@https://registry.npmjs.org/to-regex-range/-/to-regex-range-5.0.1.tgz. Extracting by manifest.
1331 silly tarball no local data for strip-bom-string@https://registry.npmjs.org/strip-bom-string/-/strip-bom-string-1.0.0.tgz. Extracting by manifest.
1332 silly tarball no local data for supports-preserve-symlinks-flag@https://registry.npmjs.org/supports-preserve-symlinks-flag/-/supports-preserve-symlinks-flag-1.0.0.tgz. Extracting by manifest.
1333 silly tarball no local data for strip-bom@https://registry.npmjs.org/strip-bom/-/strip-bom-3.0.0.tgz. Extracting by manifest.
1334 silly tarball no local data for thenify@https://registry.npmjs.org/thenify/-/thenify-3.3.1.tgz. Extracting by manifest.
1335 silly tarball no local data for string-width@https://registry.npmjs.org/string-width/-/string-width-7.2.0.tgz. Extracting by manifest.
1336 silly tarball no local data for stringify-entities@https://registry.npmjs.org/stringify-entities/-/stringify-entities-4.0.4.tgz. Extracting by manifest.
1337 silly tarball no local data for strip-ansi@https://registry.npmjs.org/strip-ansi/-/strip-ansi-7.2.0.tgz. Extracting by manifest.
1338 silly tarball no local data for thenify-all@https://registry.npmjs.org/thenify-all/-/thenify-all-1.6.0.tgz. Extracting by manifest.
1339 silly tarball no local data for space-separated-tokens@https://registry.npmjs.org/space-separated-tokens/-/space-separated-tokens-2.0.2.tgz. Extracting by manifest.
1340 silly tarball no local data for sprintf-js@https://registry.npmjs.org/sprintf-js/-/sprintf-js-1.0.3.tgz. Extracting by manifest.
1341 silly tarball no local data for simple-swizzle@https://registry.npmjs.org/simple-swizzle/-/simple-swizzle-0.2.4.tgz. Extracting by manifest.
1342 silly tarball no local data for stdin-discarder@https://registry.npmjs.org/stdin-discarder/-/stdin-discarder-0.2.2.tgz. Extracting by manifest.
1343 silly tarball no local data for sisteransi@https://registry.npmjs.org/sisteransi/-/sisteransi-1.0.5.tgz. Extracting by manifest.
1344 silly tarball no local data for semver@https://registry.npmjs.org/semver/-/semver-7.8.3.tgz. Extracting by manifest.
1345 silly tarball no local data for signal-exit@https://registry.npmjs.org/signal-exit/-/signal-exit-4.1.0.tgz. Extracting by manifest.
1346 silly tarball no local data for source-map-js@https://registry.npmjs.org/source-map-js/-/source-map-js-1.2.1.tgz. Extracting by manifest.
1347 silly tarball no local data for shiki@https://registry.npmjs.org/shiki/-/shiki-1.29.2.tgz. Extracting by manifest.
1348 silly tarball no local data for sharp@https://registry.npmjs.org/sharp/-/sharp-0.33.5.tgz. Extracting by manifest.
1349 silly tarball no local data for run-parallel@https://registry.npmjs.org/run-parallel/-/run-parallel-1.2.0.tgz. Extracting by manifest.
1350 silly tarball no local data for section-matter@https://registry.npmjs.org/section-matter/-/section-matter-1.0.0.tgz. Extracting by manifest.
1351 silly tarball no local data for reusify@https://registry.npmjs.org/reusify/-/reusify-1.1.0.tgz. Extracting by manifest.
1352 silly tarball no local data for rollup@https://registry.npmjs.org/rollup/-/rollup-4.61.1.tgz. Extracting by manifest.
1353 silly tarball no local data for resolve@https://registry.npmjs.org/resolve/-/resolve-1.22.12.tgz. Extracting by manifest.
1354 silly tarball no local data for retext-smartypants@https://registry.npmjs.org/retext-smartypants/-/retext-smartypants-6.2.0.tgz. Extracting by manifest.
1355 silly tarball no local data for retext-stringify@https://registry.npmjs.org/retext-stringify/-/retext-stringify-4.0.0.tgz. Extracting by manifest.
1356 silly tarball no local data for restore-cursor@https://registry.npmjs.org/restore-cursor/-/restore-cursor-5.1.0.tgz. Extracting by manifest.
1357 silly tarball no local data for retext@https://registry.npmjs.org/retext/-/retext-9.0.0.tgz. Extracting by manifest.
1358 silly tarball no local data for require-directory@https://registry.npmjs.org/require-directory/-/require-directory-2.1.1.tgz. Extracting by manifest.
1359 silly tarball no local data for retext-latin@https://registry.npmjs.org/retext-latin/-/retext-latin-4.0.0.tgz. Extracting by manifest.
1360 silly tarball no local data for remark-stringify@https://registry.npmjs.org/remark-stringify/-/remark-stringify-11.0.0.tgz. Extracting by manifest.
1361 silly tarball no local data for request-light@https://registry.npmjs.org/request-light/-/request-light-0.7.0.tgz. Extracting by manifest.
1362 silly tarball no local data for require-from-string@https://registry.npmjs.org/require-from-string/-/require-from-string-2.0.2.tgz. Extracting by manifest.
1363 silly tarball no local data for remark-parse@https://registry.npmjs.org/remark-parse/-/remark-parse-11.0.0.tgz. Extracting by manifest.
1364 silly tarball no local data for remark-smartypants@https://registry.npmjs.org/remark-smartypants/-/remark-smartypants-3.0.2.tgz. Extracting by manifest.
1365 silly tarball no local data for remark-gfm@https://registry.npmjs.org/remark-gfm/-/remark-gfm-4.0.1.tgz. Extracting by manifest.
1366 silly tarball no local data for rehype-stringify@https://registry.npmjs.org/rehype-stringify/-/rehype-stringify-10.0.1.tgz. Extracting by manifest.
1367 silly tarball no local data for remark-rehype@https://registry.npmjs.org/remark-rehype/-/remark-rehype-11.1.2.tgz. Extracting by manifest.
1368 silly tarball no local data for rehype-parse@https://registry.npmjs.org/rehype-parse/-/rehype-parse-9.0.1.tgz. Extracting by manifest.
1369 silly tarball no local data for regex-recursion@https://registry.npmjs.org/regex-recursion/-/regex-recursion-5.1.1.tgz. Extracting by manifest.
1370 silly tarball no local data for rehype-raw@https://registry.npmjs.org/rehype-raw/-/rehype-raw-7.0.0.tgz. Extracting by manifest.
1371 silly tarball no local data for rehype@https://registry.npmjs.org/rehype/-/rehype-13.0.2.tgz. Extracting by manifest.
1372 silly tarball no local data for regex@https://registry.npmjs.org/regex/-/regex-5.1.1.tgz. Extracting by manifest.
1373 silly tarball no local data for regex-utilities@https://registry.npmjs.org/regex-utilities/-/regex-utilities-2.3.0.tgz. Extracting by manifest.
1374 silly tarball no local data for read-cache@https://registry.npmjs.org/read-cache/-/read-cache-1.0.0.tgz. Extracting by manifest.
1375 silly tarball no local data for readdirp@https://registry.npmjs.org/readdirp/-/readdirp-3.6.0.tgz. Extracting by manifest.
1376 silly tarball no local data for prompts@https://registry.npmjs.org/prompts/-/prompts-2.4.2.tgz. Extracting by manifest.
1377 silly tarball no local data for property-information@https://registry.npmjs.org/property-information/-/property-information-7.2.0.tgz. Extracting by manifest.
1378 silly tarball no local data for queue-microtask@https://registry.npmjs.org/queue-microtask/-/queue-microtask-1.2.3.tgz. Extracting by manifest.
1379 silly tarball no local data for postcss-selector-parser@https://registry.npmjs.org/postcss-selector-parser/-/postcss-selector-parser-6.0.10.tgz. Extracting by manifest.
1380 silly tarball no local data for preferred-pm@https://registry.npmjs.org/preferred-pm/-/preferred-pm-4.1.1.tgz. Extracting by manifest.
1381 silly tarball no local data for postcss-value-parser@https://registry.npmjs.org/postcss-value-parser/-/postcss-value-parser-4.2.0.tgz. Extracting by manifest.
1382 silly tarball no local data for postcss-nested@https://registry.npmjs.org/postcss-nested/-/postcss-nested-6.2.0.tgz. Extracting by manifest.
1383 silly tarball no local data for postcss-load-config@https://registry.npmjs.org/postcss-load-config/-/postcss-load-config-4.0.2.tgz. Extracting by manifest.
1384 silly tarball no local data for postcss-js@https://registry.npmjs.org/postcss-js/-/postcss-js-4.1.0.tgz. Extracting by manifest.
1385 silly tarball no local data for postcss-import@https://registry.npmjs.org/postcss-import/-/postcss-import-15.1.0.tgz. Extracting by manifest.
1386 silly tarball no local data for prismjs@https://registry.npmjs.org/prismjs/-/prismjs-1.30.0.tgz. Extracting by manifest.
1387 silly tarball no local data for pirates@https://registry.npmjs.org/pirates/-/pirates-4.0.7.tgz. Extracting by manifest.
1388 silly tarball no local data for pify@https://registry.npmjs.org/pify/-/pify-2.3.0.tgz. Extracting by manifest.
1389 silly tarball no local data for picomatch@https://registry.npmjs.org/picomatch/-/picomatch-4.0.4.tgz. Extracting by manifest.
1390 silly tarball no local data for pkg-dir@https://registry.npmjs.org/pkg-dir/-/pkg-dir-4.2.0.tgz. Extracting by manifest.
1391 silly tarball no local data for postcss@https://registry.npmjs.org/postcss/-/postcss-8.5.15.tgz. Extracting by manifest.
1392 silly tarball no local data for path-parse@https://registry.npmjs.org/path-parse/-/path-parse-1.0.7.tgz. Extracting by manifest.
1393 silly tarball no local data for picocolors@https://registry.npmjs.org/picocolors/-/picocolors-1.1.1.tgz. Extracting by manifest.
1394 silly tarball no local data for path-exists@https://registry.npmjs.org/path-exists/-/path-exists-4.0.0.tgz. Extracting by manifest.
1395 silly tarball no local data for path-browserify@https://registry.npmjs.org/path-browserify/-/path-browserify-1.0.1.tgz. Extracting by manifest.
1396 silly tarball no local data for parse5@https://registry.npmjs.org/parse5/-/parse5-7.3.0.tgz. Extracting by manifest.
1397 silly tarball no local data for p-try@https://registry.npmjs.org/p-try/-/p-try-2.2.0.tgz. Extracting by manifest.
1398 silly tarball no local data for parse-latin@https://registry.npmjs.org/parse-latin/-/parse-latin-7.0.0.tgz. Extracting by manifest.
1399 silly tarball no local data for p-locate@https://registry.npmjs.org/p-locate/-/p-locate-4.1.0.tgz. Extracting by manifest.
1400 silly tarball no local data for p-limit@https://registry.npmjs.org/p-limit/-/p-limit-6.2.0.tgz. Extracting by manifest.
1401 silly tarball no local data for onetime@https://registry.npmjs.org/onetime/-/onetime-7.0.0.tgz. Extracting by manifest.
1402 silly tarball no local data for p-timeout@https://registry.npmjs.org/p-timeout/-/p-timeout-6.1.4.tgz. Extracting by manifest.
1403 silly tarball no local data for oniguruma-to-es@https://registry.npmjs.org/oniguruma-to-es/-/oniguruma-to-es-2.3.0.tgz. Extracting by manifest.
1404 silly tarball no local data for ora@https://registry.npmjs.org/ora/-/ora-8.2.0.tgz. Extracting by manifest.
1405 silly tarball no local data for normalize-path@https://registry.npmjs.org/normalize-path/-/normalize-path-3.0.0.tgz. Extracting by manifest.
1406 silly tarball no local data for object-assign@https://registry.npmjs.org/object-assign/-/object-assign-4.1.1.tgz. Extracting by manifest.
1407 silly tarball no local data for object-hash@https://registry.npmjs.org/object-hash/-/object-hash-3.0.0.tgz. Extracting by manifest.
1408 silly tarball no local data for neotraverse@https://registry.npmjs.org/neotraverse/-/neotraverse-0.6.18.tgz. Extracting by manifest.
1409 silly tarball no local data for p-queue@https://registry.npmjs.org/p-queue/-/p-queue-8.1.1.tgz. Extracting by manifest.
1410 silly tarball no local data for node-releases@https://registry.npmjs.org/node-releases/-/node-releases-2.0.47.tgz. Extracting by manifest.
1411 silly tarball no local data for nlcst-to-string@https://registry.npmjs.org/nlcst-to-string/-/nlcst-to-string-4.0.0.tgz. Extracting by manifest.
1412 silly tarball no local data for nanoid@https://registry.npmjs.org/nanoid/-/nanoid-3.3.12.tgz. Extracting by manifest.
1413 silly tarball no local data for mrmime@https://registry.npmjs.org/mrmime/-/mrmime-2.0.1.tgz. Extracting by manifest.
1414 silly tarball no local data for mz@https://registry.npmjs.org/mz/-/mz-2.7.0.tgz. Extracting by manifest.
1415 silly tarball no local data for muggle-string@https://registry.npmjs.org/muggle-string/-/muggle-string-0.4.1.tgz. Extracting by manifest.
1416 silly tarball no local data for ms@https://registry.npmjs.org/ms/-/ms-2.1.3.tgz. Extracting by manifest.
1417 silly tarball no local data for mimic-function@https://registry.npmjs.org/mimic-function/-/mimic-function-5.0.1.tgz. Extracting by manifest.
1418 silly tarball no local data for micromark-util-types@https://registry.npmjs.org/micromark-util-types/-/micromark-util-types-2.0.2.tgz. Extracting by manifest.
1419 silly tarball no local data for micromatch@https://registry.npmjs.org/micromatch/-/micromatch-4.0.8.tgz. Extracting by manifest.
1420 silly tarball no local data for micromark-util-subtokenize@https://registry.npmjs.org/micromark-util-subtokenize/-/micromark-util-subtokenize-2.1.0.tgz. Extracting by manifest.
1421 silly tarball no local data for micromark-util-symbol@https://registry.npmjs.org/micromark-util-symbol/-/micromark-util-symbol-2.0.1.tgz. Extracting by manifest.
1422 silly tarball no local data for micromark-util-sanitize-uri@https://registry.npmjs.org/micromark-util-sanitize-uri/-/micromark-util-sanitize-uri-2.0.1.tgz. Extracting by manifest.
1423 silly tarball no local data for micromark-util-encode@https://registry.npmjs.org/micromark-util-encode/-/micromark-util-encode-2.0.1.tgz. Extracting by manifest.
1424 silly tarball no local data for micromark-util-resolve-all@https://registry.npmjs.org/micromark-util-resolve-all/-/micromark-util-resolve-all-2.0.1.tgz. Extracting by manifest.
1425 silly tarball no local data for micromark-util-html-tag-name@https://registry.npmjs.org/micromark-util-html-tag-name/-/micromark-util-html-tag-name-2.0.1.tgz. Extracting by manifest.
1426 silly tarball no local data for micromark-util-normalize-identifier@https://registry.npmjs.org/micromark-util-normalize-identifier/-/micromark-util-normalize-identifier-2.0.1.tgz. Extracting by manifest.
1427 silly tarball no local data for micromark-util-decode-string@https://registry.npmjs.org/micromark-util-decode-string/-/micromark-util-decode-string-2.0.1.tgz. Extracting by manifest.
1428 silly tarball no local data for micromark-util-decode-numeric-character-reference@https://registry.npmjs.org/micromark-util-decode-numeric-character-reference/-/micromark-util-decode-numeric-character-reference-2.0.2.tgz. Extracting by manifest.
1429 silly tarball no local data for micromark-util-combine-extensions@https://registry.npmjs.org/micromark-util-combine-extensions/-/micromark-util-combine-extensions-2.0.1.tgz. Extracting by manifest.
1430 silly tarball no local data for micromark-util-chunked@https://registry.npmjs.org/micromark-util-chunked/-/micromark-util-chunked-2.0.1.tgz. Extracting by manifest.
1431 silly tarball no local data for micromark-util-character@https://registry.npmjs.org/micromark-util-character/-/micromark-util-character-2.1.1.tgz. Extracting by manifest.
1432 silly tarball no local data for micromark-factory-title@https://registry.npmjs.org/micromark-factory-title/-/micromark-factory-title-2.0.1.tgz. Extracting by manifest.
1433 silly tarball no local data for micromark-util-classify-character@https://registry.npmjs.org/micromark-util-classify-character/-/micromark-util-classify-character-2.0.1.tgz. Extracting by manifest.
1434 silly tarball no local data for micromark-extension-gfm-tagfilter@https://registry.npmjs.org/micromark-extension-gfm-tagfilter/-/micromark-extension-gfm-tagfilter-2.0.0.tgz. Extracting by manifest.
1435 silly tarball no local data for micromark-factory-space@https://registry.npmjs.org/micromark-factory-space/-/micromark-factory-space-2.0.1.tgz. Extracting by manifest.
1436 silly tarball no local data for micromark-factory-label@https://registry.npmjs.org/micromark-factory-label/-/micromark-factory-label-2.0.1.tgz. Extracting by manifest.
1437 silly tarball no local data for micromark-factory-whitespace@https://registry.npmjs.org/micromark-factory-whitespace/-/micromark-factory-whitespace-2.0.1.tgz. Extracting by manifest.
1438 silly tarball no local data for micromark-factory-destination@https://registry.npmjs.org/micromark-factory-destination/-/micromark-factory-destination-2.0.1.tgz. Extracting by manifest.
1439 silly tarball no local data for micromark-extension-gfm-task-list-item@https://registry.npmjs.org/micromark-extension-gfm-task-list-item/-/micromark-extension-gfm-task-list-item-2.1.0.tgz. Extracting by manifest.
1440 silly tarball no local data for micromark-extension-gfm-table@https://registry.npmjs.org/micromark-extension-gfm-table/-/micromark-extension-gfm-table-2.1.1.tgz. Extracting by manifest.
1441 silly tarball no local data for micromark-extension-gfm-footnote@https://registry.npmjs.org/micromark-extension-gfm-footnote/-/micromark-extension-gfm-footnote-2.1.0.tgz. Extracting by manifest.
1442 silly tarball no local data for micromark-extension-gfm-autolink-literal@https://registry.npmjs.org/micromark-extension-gfm-autolink-literal/-/micromark-extension-gfm-autolink-literal-2.1.0.tgz. Extracting by manifest.
1443 silly tarball no local data for micromark-extension-gfm-strikethrough@https://registry.npmjs.org/micromark-extension-gfm-strikethrough/-/micromark-extension-gfm-strikethrough-2.1.0.tgz. Extracting by manifest.
1444 silly tarball no local data for micromark-core-commonmark@https://registry.npmjs.org/micromark-core-commonmark/-/micromark-core-commonmark-2.0.3.tgz. Extracting by manifest.
1445 silly tarball no local data for micromark-extension-gfm@https://registry.npmjs.org/micromark-extension-gfm/-/micromark-extension-gfm-3.0.0.tgz. Extracting by manifest.
1446 silly tarball no local data for merge2@https://registry.npmjs.org/merge2/-/merge2-1.4.1.tgz. Extracting by manifest.
1447 silly tarball no local data for mdast-util-to-string@https://registry.npmjs.org/mdast-util-to-string/-/mdast-util-to-string-4.0.0.tgz. Extracting by manifest.
1448 silly tarball no local data for mdast-util-to-markdown@https://registry.npmjs.org/mdast-util-to-markdown/-/mdast-util-to-markdown-2.1.2.tgz. Extracting by manifest.
1449 silly tarball no local data for mdast-util-phrasing@https://registry.npmjs.org/mdast-util-phrasing/-/mdast-util-phrasing-4.1.0.tgz. Extracting by manifest.
1450 silly tarball no local data for micromark@https://registry.npmjs.org/micromark/-/micromark-4.0.2.tgz. Extracting by manifest.
1451 silly tarball no local data for mdast-util-to-hast@https://registry.npmjs.org/mdast-util-to-hast/-/mdast-util-to-hast-13.2.1.tgz. Extracting by manifest.
1452 silly tarball no local data for mdast-util-gfm-task-list-item@https://registry.npmjs.org/mdast-util-gfm-task-list-item/-/mdast-util-gfm-task-list-item-2.0.0.tgz. Extracting by manifest.
1453 silly tarball no local data for mdast-util-gfm-table@https://registry.npmjs.org/mdast-util-gfm-table/-/mdast-util-gfm-table-2.0.0.tgz. Extracting by manifest.
1454 silly tarball no local data for mdast-util-gfm-strikethrough@https://registry.npmjs.org/mdast-util-gfm-strikethrough/-/mdast-util-gfm-strikethrough-2.0.0.tgz. Extracting by manifest.
1455 silly tarball no local data for mdast-util-gfm-footnote@https://registry.npmjs.org/mdast-util-gfm-footnote/-/mdast-util-gfm-footnote-2.1.0.tgz. Extracting by manifest.
1456 silly tarball no local data for mdast-util-gfm@https://registry.npmjs.org/mdast-util-gfm/-/mdast-util-gfm-3.1.0.tgz. Extracting by manifest.
1457 silly tarball no local data for mdast-util-find-and-replace@https://registry.npmjs.org/mdast-util-find-and-replace/-/mdast-util-find-and-replace-3.0.2.tgz. Extracting by manifest.
1458 silly tarball no local data for mdast-util-definitions@https://registry.npmjs.org/mdast-util-definitions/-/mdast-util-definitions-6.0.0.tgz. Extracting by manifest.
1459 silly tarball no local data for mdast-util-gfm-autolink-literal@https://registry.npmjs.org/mdast-util-gfm-autolink-literal/-/mdast-util-gfm-autolink-literal-2.0.1.tgz. Extracting by manifest.
1460 silly tarball no local data for mdast-util-from-markdown@https://registry.npmjs.org/mdast-util-from-markdown/-/mdast-util-from-markdown-2.0.3.tgz. Extracting by manifest.
1461 silly tarball no local data for magicast@https://registry.npmjs.org/magicast/-/magicast-0.3.5.tgz. Extracting by manifest.
1462 silly tarball no local data for magic-string@https://registry.npmjs.org/magic-string/-/magic-string-0.30.21.tgz. Extracting by manifest.
1463 silly tarball no local data for lru-cache@https://registry.npmjs.org/lru-cache/-/lru-cache-5.1.1.tgz. Extracting by manifest.
1464 silly tarball no local data for locate-path@https://registry.npmjs.org/locate-path/-/locate-path-5.0.0.tgz. Extracting by manifest.
1465 silly tarball no local data for markdown-table@https://registry.npmjs.org/markdown-table/-/markdown-table-3.0.4.tgz. Extracting by manifest.
1466 silly tarball no local data for load-yaml-file@https://registry.npmjs.org/load-yaml-file/-/load-yaml-file-0.2.0.tgz. Extracting by manifest.
1467 silly tarball no local data for log-symbols@https://registry.npmjs.org/log-symbols/-/log-symbols-6.0.0.tgz. Extracting by manifest.
1468 silly tarball no local data for longest-streak@https://registry.npmjs.org/longest-streak/-/longest-streak-3.1.0.tgz. Extracting by manifest.
1469 silly tarball no local data for lines-and-columns@https://registry.npmjs.org/lines-and-columns/-/lines-and-columns-1.2.4.tgz. Extracting by manifest.
1470 silly tarball no local data for kleur@https://registry.npmjs.org/kleur/-/kleur-4.1.5.tgz. Extracting by manifest.
1471 silly tarball no local data for lilconfig@https://registry.npmjs.org/lilconfig/-/lilconfig-3.1.3.tgz. Extracting by manifest.
1472 silly tarball no local data for jsonc-parser@https://registry.npmjs.org/jsonc-parser/-/jsonc-parser-2.3.1.tgz. Extracting by manifest.
1473 silly tarball no local data for json5@https://registry.npmjs.org/json5/-/json5-2.2.3.tgz. Extracting by manifest.
1474 silly tarball no local data for kind-of@https://registry.npmjs.org/kind-of/-/kind-of-6.0.3.tgz. Extracting by manifest.
1475 silly tarball no local data for jsesc@https://registry.npmjs.org/jsesc/-/jsesc-3.1.0.tgz. Extracting by manifest.
1476 silly tarball no local data for js-tokens@https://registry.npmjs.org/js-tokens/-/js-tokens-4.0.0.tgz. Extracting by manifest.
1477 silly tarball no local data for json-schema-traverse@https://registry.npmjs.org/json-schema-traverse/-/json-schema-traverse-1.0.0.tgz. Extracting by manifest.
1478 silly tarball no local data for js-yaml@https://registry.npmjs.org/js-yaml/-/js-yaml-4.2.0.tgz. Extracting by manifest.
1479 silly tarball no local data for jiti@https://registry.npmjs.org/jiti/-/jiti-1.21.7.tgz. Extracting by manifest.
1480 silly tarball no local data for is-wsl@https://registry.npmjs.org/is-wsl/-/is-wsl-3.1.1.tgz. Extracting by manifest.
1481 silly tarball no local data for is-number@https://registry.npmjs.org/is-number/-/is-number-7.0.0.tgz. Extracting by manifest.
1482 silly tarball no local data for is-plain-obj@https://registry.npmjs.org/is-plain-obj/-/is-plain-obj-4.1.0.tgz. Extracting by manifest.
1483 silly tarball no local data for is-interactive@https://registry.npmjs.org/is-interactive/-/is-interactive-2.0.0.tgz. Extracting by manifest.
1484 silly tarball no local data for is-unicode-supported@https://registry.npmjs.org/is-unicode-supported/-/is-unicode-supported-2.1.0.tgz. Extracting by manifest.
1485 silly tarball no local data for is-inside-container@https://registry.npmjs.org/is-inside-container/-/is-inside-container-1.0.0.tgz. Extracting by manifest.
1486 silly tarball no local data for is-extglob@https://registry.npmjs.org/is-extglob/-/is-extglob-2.1.1.tgz. Extracting by manifest.
1487 silly tarball no local data for is-docker@https://registry.npmjs.org/is-docker/-/is-docker-3.0.0.tgz. Extracting by manifest.
1488 silly tarball no local data for is-glob@https://registry.npmjs.org/is-glob/-/is-glob-4.0.3.tgz. Extracting by manifest.
1489 silly tarball no local data for is-core-module@https://registry.npmjs.org/is-core-module/-/is-core-module-2.16.2.tgz. Extracting by manifest.
1490 silly tarball no local data for is-binary-path@https://registry.npmjs.org/is-binary-path/-/is-binary-path-2.1.0.tgz. Extracting by manifest.
1491 silly tarball no local data for http-cache-semantics@https://registry.npmjs.org/http-cache-semantics/-/http-cache-semantics-4.2.0.tgz. Extracting by manifest.
1492 silly tarball no local data for is-arrayish@https://registry.npmjs.org/is-arrayish/-/is-arrayish-0.3.4.tgz. Extracting by manifest.
1493 silly tarball no local data for html-void-elements@https://registry.npmjs.org/html-void-elements/-/html-void-elements-3.0.0.tgz. Extracting by manifest.
1494 silly tarball no local data for is-extendable@https://registry.npmjs.org/is-extendable/-/is-extendable-0.1.1.tgz. Extracting by manifest.
1495 silly tarball no local data for import-meta-resolve@https://registry.npmjs.org/import-meta-resolve/-/import-meta-resolve-4.2.0.tgz. Extracting by manifest.
1496 silly tarball no local data for is-fullwidth-code-point@https://registry.npmjs.org/is-fullwidth-code-point/-/is-fullwidth-code-point-3.0.0.tgz. Extracting by manifest.
1497 silly tarball no local data for html-escaper@https://registry.npmjs.org/html-escaper/-/html-escaper-3.0.3.tgz. Extracting by manifest.
1498 silly tarball no local data for hast-util-whitespace@https://registry.npmjs.org/hast-util-whitespace/-/hast-util-whitespace-3.0.0.tgz. Extracting by manifest.
1499 silly tarball no local data for hast-util-to-parse5@https://registry.npmjs.org/hast-util-to-parse5/-/hast-util-to-parse5-8.0.1.tgz. Extracting by manifest.
1500 silly tarball no local data for hast-util-to-text@https://registry.npmjs.org/hast-util-to-text/-/hast-util-to-text-4.0.2.tgz. Extracting by manifest.
1501 silly tarball no local data for hast-util-to-html@https://registry.npmjs.org/hast-util-to-html/-/hast-util-to-html-9.0.5.tgz. Extracting by manifest.
1502 silly tarball no local data for hastscript@https://registry.npmjs.org/hastscript/-/hastscript-9.0.1.tgz. Extracting by manifest.
1503 silly tarball no local data for hast-util-is-element@https://registry.npmjs.org/hast-util-is-element/-/hast-util-is-element-3.0.0.tgz. Extracting by manifest.
1504 silly tarball no local data for hast-util-parse-selector@https://registry.npmjs.org/hast-util-parse-selector/-/hast-util-parse-selector-4.0.0.tgz. Extracting by manifest.
1505 silly tarball no local data for hasown@https://registry.npmjs.org/hasown/-/hasown-2.0.4.tgz. Extracting by manifest.
1506 silly tarball no local data for hast-util-from-html@https://registry.npmjs.org/hast-util-from-html/-/hast-util-from-html-2.0.3.tgz. Extracting by manifest.
1507 silly tarball no local data for hast-util-raw@https://registry.npmjs.org/hast-util-raw/-/hast-util-raw-9.1.0.tgz. Extracting by manifest.
1508 silly tarball no local data for graceful-fs@https://registry.npmjs.org/graceful-fs/-/graceful-fs-4.2.11.tgz. Extracting by manifest.
1509 silly tarball no local data for hast-util-from-parse5@https://registry.npmjs.org/hast-util-from-parse5/-/hast-util-from-parse5-8.0.3.tgz. Extracting by manifest.
1510 silly tarball no local data for github-slugger@https://registry.npmjs.org/github-slugger/-/github-slugger-2.0.0.tgz. Extracting by manifest.
1511 silly tarball no local data for get-east-asian-width@https://registry.npmjs.org/get-east-asian-width/-/get-east-asian-width-1.6.0.tgz. Extracting by manifest.
1512 silly tarball no local data for get-caller-file@https://registry.npmjs.org/get-caller-file/-/get-caller-file-2.0.5.tgz. Extracting by manifest.
1513 silly tarball no local data for glob-parent@https://registry.npmjs.org/glob-parent/-/glob-parent-5.1.2.tgz. Extracting by manifest.
1514 silly tarball no local data for function-bind@https://registry.npmjs.org/function-bind/-/function-bind-1.1.2.tgz. Extracting by manifest.
1515 silly tarball no local data for gensync@https://registry.npmjs.org/gensync/-/gensync-1.0.0-beta.2.tgz. Extracting by manifest.
1516 silly tarball no local data for fraction.js@https://registry.npmjs.org/fraction.js/-/fraction.js-5.3.4.tgz. Extracting by manifest.
1517 silly tarball no local data for find-up-simple@https://registry.npmjs.org/find-up-simple/-/find-up-simple-1.0.1.tgz. Extracting by manifest.
1518 silly tarball no local data for flattie@https://registry.npmjs.org/flattie/-/flattie-1.1.1.tgz. Extracting by manifest.
1519 silly tarball no local data for find-yarn-workspace-root2@https://registry.npmjs.org/find-yarn-workspace-root2/-/find-yarn-workspace-root2-1.2.16.tgz. Extracting by manifest.
1520 silly tarball no local data for find-up@https://registry.npmjs.org/find-up/-/find-up-4.1.0.tgz. Extracting by manifest.
1521 silly tarball no local data for fill-range@https://registry.npmjs.org/fill-range/-/fill-range-7.1.1.tgz. Extracting by manifest.
1522 silly tarball no local data for fast-uri@https://registry.npmjs.org/fast-uri/-/fast-uri-3.1.2.tgz. Extracting by manifest.
1523 silly tarball no local data for fastq@https://registry.npmjs.org/fastq/-/fastq-1.20.1.tgz. Extracting by manifest.
1524 silly tarball no local data for fast-glob@https://registry.npmjs.org/fast-glob/-/fast-glob-3.3.3.tgz. Extracting by manifest.
1525 silly tarball no local data for fast-deep-equal@https://registry.npmjs.org/fast-deep-equal/-/fast-deep-equal-3.1.3.tgz. Extracting by manifest.
1526 silly tarball no local data for extend@https://registry.npmjs.org/extend/-/extend-3.0.2.tgz. Extracting by manifest.
1527 silly tarball no local data for escape-string-regexp@https://registry.npmjs.org/escape-string-regexp/-/escape-string-regexp-5.0.0.tgz. Extracting by manifest.
1528 silly tarball no local data for escalade@https://registry.npmjs.org/escalade/-/escalade-3.2.0.tgz. Extracting by manifest.
1529 silly tarball no local data for esprima@https://registry.npmjs.org/esprima/-/esprima-4.0.1.tgz. Extracting by manifest.
1530 silly tarball no local data for extend-shallow@https://registry.npmjs.org/extend-shallow/-/extend-shallow-2.0.1.tgz. Extracting by manifest.
1531 silly tarball no local data for fdir@https://registry.npmjs.org/fdir/-/fdir-6.5.0.tgz. Extracting by manifest.
1532 silly tarball no local data for estree-walker@https://registry.npmjs.org/estree-walker/-/estree-walker-3.0.3.tgz. Extracting by manifest.
1533 silly tarball no local data for esbuild@https://registry.npmjs.org/esbuild/-/esbuild-0.21.5.tgz. Extracting by manifest.
1534 silly tarball no local data for entities@https://registry.npmjs.org/entities/-/entities-6.0.1.tgz. Extracting by manifest.
1535 silly tarball no local data for eventemitter3@https://registry.npmjs.org/eventemitter3/-/eventemitter3-5.0.4.tgz. Extracting by manifest.
1536 silly tarball no local data for emoji-regex-xs@https://registry.npmjs.org/emoji-regex-xs/-/emoji-regex-xs-1.0.0.tgz. Extracting by manifest.
1537 silly tarball no local data for emmet@https://registry.npmjs.org/emmet/-/emmet-2.4.11.tgz. Extracting by manifest.
1538 silly tarball no local data for electron-to-chromium@https://registry.npmjs.org/electron-to-chromium/-/electron-to-chromium-1.5.369.tgz. Extracting by manifest.
1539 silly tarball no local data for es-module-lexer@https://registry.npmjs.org/es-module-lexer/-/es-module-lexer-1.7.0.tgz. Extracting by manifest.
1540 silly tarball no local data for didyoumean@https://registry.npmjs.org/didyoumean/-/didyoumean-1.2.2.tgz. Extracting by manifest.
1541 silly tarball no local data for emoji-regex@https://registry.npmjs.org/emoji-regex/-/emoji-regex-10.6.0.tgz. Extracting by manifest.
1542 silly tarball no local data for diff@https://registry.npmjs.org/diff/-/diff-5.2.2.tgz. Extracting by manifest.
1543 silly tarball no local data for es-errors@https://registry.npmjs.org/es-errors/-/es-errors-1.3.0.tgz. Extracting by manifest.
1544 silly tarball no local data for dlv@https://registry.npmjs.org/dlv/-/dlv-1.1.3.tgz. Extracting by manifest.
1545 silly tarball no local data for dset@https://registry.npmjs.org/dset/-/dset-3.1.4.tgz. Extracting by manifest.
1546 silly tarball no local data for devlop@https://registry.npmjs.org/devlop/-/devlop-1.1.0.tgz. Extracting by manifest.
1547 silly tarball no local data for deterministic-object-hash@https://registry.npmjs.org/deterministic-object-hash/-/deterministic-object-hash-2.0.2.tgz. Extracting by manifest.
1548 silly tarball no local data for dequal@https://registry.npmjs.org/dequal/-/dequal-2.0.3.tgz. Extracting by manifest.
1549 silly tarball no local data for detect-libc@https://registry.npmjs.org/detect-libc/-/detect-libc-2.1.2.tgz. Extracting by manifest.
1550 silly tarball no local data for devalue@https://registry.npmjs.org/devalue/-/devalue-5.8.1.tgz. Extracting by manifest.
1551 silly tarball no local data for decode-named-character-reference@https://registry.npmjs.org/decode-named-character-reference/-/decode-named-character-reference-1.3.0.tgz. Extracting by manifest.
1552 silly tarball no local data for debug@https://registry.npmjs.org/debug/-/debug-4.4.3.tgz. Extracting by manifest.
1553 silly tarball no local data for cssesc@https://registry.npmjs.org/cssesc/-/cssesc-3.0.0.tgz. Extracting by manifest.
1554 silly tarball no local data for convert-source-map@https://registry.npmjs.org/convert-source-map/-/convert-source-map-2.0.0.tgz. Extracting by manifest.
1555 silly tarball no local data for cookie@https://registry.npmjs.org/cookie/-/cookie-0.7.2.tgz. Extracting by manifest.
1556 silly tarball no local data for common-ancestor-path@https://registry.npmjs.org/common-ancestor-path/-/common-ancestor-path-1.0.1.tgz. Extracting by manifest.
1557 silly tarball no local data for commander@https://registry.npmjs.org/commander/-/commander-4.1.1.tgz. Extracting by manifest.
1558 silly tarball no local data for comma-separated-tokens@https://registry.npmjs.org/comma-separated-tokens/-/comma-separated-tokens-2.0.3.tgz. Extracting by manifest.
1559 silly tarball no local data for color-name@https://registry.npmjs.org/color-name/-/color-name-1.1.4.tgz. Extracting by manifest.
1560 silly tarball no local data for color-string@https://registry.npmjs.org/color-string/-/color-string-1.9.1.tgz. Extracting by manifest.
1561 silly tarball no local data for clsx@https://registry.npmjs.org/clsx/-/clsx-2.1.1.tgz. Extracting by manifest.
1562 silly tarball no local data for color@https://registry.npmjs.org/color/-/color-4.2.3.tgz. Extracting by manifest.
1563 silly tarball no local data for cli-spinners@https://registry.npmjs.org/cli-spinners/-/cli-spinners-2.9.2.tgz. Extracting by manifest.
1564 silly tarball no local data for color-convert@https://registry.npmjs.org/color-convert/-/color-convert-2.0.1.tgz. Extracting by manifest.
1565 silly tarball no local data for cliui@https://registry.npmjs.org/cliui/-/cliui-8.0.1.tgz. Extracting by manifest.
1566 silly tarball no local data for cli-boxes@https://registry.npmjs.org/cli-boxes/-/cli-boxes-3.0.0.tgz. Extracting by manifest.
1567 silly tarball no local data for cli-cursor@https://registry.npmjs.org/cli-cursor/-/cli-cursor-5.0.0.tgz. Extracting by manifest.
1568 silly tarball no local data for ci-info@https://registry.npmjs.org/ci-info/-/ci-info-4.4.0.tgz. Extracting by manifest.
1569 silly tarball no local data for chokidar@https://registry.npmjs.org/chokidar/-/chokidar-3.6.0.tgz. Extracting by manifest.
1570 silly tarball no local data for character-entities-html4@https://registry.npmjs.org/character-entities-html4/-/character-entities-html4-2.1.0.tgz. Extracting by manifest.
1571 silly tarball no local data for character-entities-legacy@https://registry.npmjs.org/character-entities-legacy/-/character-entities-legacy-3.0.0.tgz. Extracting by manifest.
1572 silly tarball no local data for character-entities@https://registry.npmjs.org/character-entities/-/character-entities-2.0.2.tgz. Extracting by manifest.
1573 silly tarball no local data for chalk@https://registry.npmjs.org/chalk/-/chalk-5.6.2.tgz. Extracting by manifest.
1574 silly tarball no local data for caniuse-lite@https://registry.npmjs.org/caniuse-lite/-/caniuse-lite-1.0.30001797.tgz. Extracting by manifest.
1575 silly tarball no local data for ccount@https://registry.npmjs.org/ccount/-/ccount-2.0.1.tgz. Extracting by manifest.
1576 silly tarball no local data for camelcase-css@https://registry.npmjs.org/camelcase-css/-/camelcase-css-2.0.1.tgz. Extracting by manifest.
1577 silly tarball no local data for camelcase@https://registry.npmjs.org/camelcase/-/camelcase-8.0.0.tgz. Extracting by manifest.
1578 silly tarball no local data for browserslist@https://registry.npmjs.org/browserslist/-/browserslist-4.28.2.tgz. Extracting by manifest.
1579 silly tarball no local data for boxen@https://registry.npmjs.org/boxen/-/boxen-8.0.1.tgz. Extracting by manifest.
1580 silly tarball no local data for braces@https://registry.npmjs.org/braces/-/braces-3.0.3.tgz. Extracting by manifest.
1581 silly tarball no local data for binary-extensions@https://registry.npmjs.org/binary-extensions/-/binary-extensions-2.3.0.tgz. Extracting by manifest.
1582 silly tarball no local data for baseline-browser-mapping@https://registry.npmjs.org/baseline-browser-mapping/-/baseline-browser-mapping-2.10.34.tgz. Extracting by manifest.
1583 silly tarball no local data for bail@https://registry.npmjs.org/bail/-/bail-2.0.2.tgz. Extracting by manifest.
1584 silly tarball no local data for base-64@https://registry.npmjs.org/base-64/-/base-64-1.0.0.tgz. Extracting by manifest.
1585 silly tarball no local data for autoprefixer@https://registry.npmjs.org/autoprefixer/-/autoprefixer-10.5.0.tgz. Extracting by manifest.
1586 silly tarball no local data for axobject-query@https://registry.npmjs.org/axobject-query/-/axobject-query-4.1.0.tgz. Extracting by manifest.
1587 silly tarball no local data for array-iterate@https://registry.npmjs.org/array-iterate/-/array-iterate-2.0.1.tgz. Extracting by manifest.
1588 silly tarball no local data for aria-query@https://registry.npmjs.org/aria-query/-/aria-query-5.3.2.tgz. Extracting by manifest.
1589 silly tarball no local data for arg@https://registry.npmjs.org/arg/-/arg-5.0.2.tgz. Extracting by manifest.
1590 silly tarball no local data for argparse@https://registry.npmjs.org/argparse/-/argparse-2.0.1.tgz. Extracting by manifest.
1591 silly tarball no local data for anymatch@https://registry.npmjs.org/anymatch/-/anymatch-3.1.3.tgz. Extracting by manifest.
1592 silly tarball no local data for any-promise@https://registry.npmjs.org/any-promise/-/any-promise-1.3.0.tgz. Extracting by manifest.
1593 silly tarball no local data for ansi-regex@https://registry.npmjs.org/ansi-regex/-/ansi-regex-6.2.2.tgz. Extracting by manifest.
1594 silly tarball no local data for @vscode/l10n@https://registry.npmjs.org/@vscode/l10n/-/l10n-0.0.18.tgz. Extracting by manifest.
1595 silly tarball no local data for ansi-styles@https://registry.npmjs.org/ansi-styles/-/ansi-styles-6.2.3.tgz. Extracting by manifest.
1596 silly tarball no local data for ansi-align@https://registry.npmjs.org/ansi-align/-/ansi-align-3.0.1.tgz. Extracting by manifest.
1597 silly tarball no local data for @vscode/emmet-helper@https://registry.npmjs.org/@vscode/emmet-helper/-/emmet-helper-2.11.0.tgz. Extracting by manifest.
1598 silly tarball no local data for ajv-draft-04@https://registry.npmjs.org/ajv-draft-04/-/ajv-draft-04-1.0.0.tgz. Extracting by manifest.
1599 silly tarball no local data for acorn@https://registry.npmjs.org/acorn/-/acorn-8.16.0.tgz. Extracting by manifest.
1600 silly tarball no local data for ajv@https://registry.npmjs.org/ajv/-/ajv-8.20.0.tgz. Extracting by manifest.
1601 silly tarball no local data for @volar/source-map@https://registry.npmjs.org/@volar/source-map/-/source-map-2.4.28.tgz. Extracting by manifest.
1602 silly tarball no local data for @volar/language-service@https://registry.npmjs.org/@volar/language-service/-/language-service-2.4.28.tgz. Extracting by manifest.
1603 silly tarball no local data for @volar/typescript@https://registry.npmjs.org/@volar/typescript/-/typescript-2.4.28.tgz. Extracting by manifest.
1604 silly tarball no local data for @volar/language-server@https://registry.npmjs.org/@volar/language-server/-/language-server-2.4.28.tgz. Extracting by manifest.
1605 silly tarball no local data for @ungap/structured-clone@https://registry.npmjs.org/@ungap/structured-clone/-/structured-clone-1.3.1.tgz. Extracting by manifest.
1606 silly tarball no local data for @volar/language-core@https://registry.npmjs.org/@volar/language-core/-/language-core-2.4.28.tgz. Extracting by manifest.
1607 silly tarball no local data for @volar/kit@https://registry.npmjs.org/@volar/kit/-/kit-2.4.28.tgz. Extracting by manifest.
1608 silly tarball no local data for @types/nlcst@https://registry.npmjs.org/@types/nlcst/-/nlcst-2.0.3.tgz. Extracting by manifest.
1609 silly tarball no local data for @types/unist@https://registry.npmjs.org/@types/unist/-/unist-3.0.3.tgz. Extracting by manifest.
1610 silly tarball no local data for @types/mdast@https://registry.npmjs.org/@types/mdast/-/mdast-4.0.4.tgz. Extracting by manifest.
1611 silly tarball no local data for @types/ms@https://registry.npmjs.org/@types/ms/-/ms-2.1.0.tgz. Extracting by manifest.
1612 silly tarball no local data for @types/hast@https://registry.npmjs.org/@types/hast/-/hast-3.0.4.tgz. Extracting by manifest.
1613 silly tarball no local data for @types/estree@https://registry.npmjs.org/@types/estree/-/estree-1.0.9.tgz. Extracting by manifest.
1614 silly tarball no local data for @types/debug@https://registry.npmjs.org/@types/debug/-/debug-4.1.13.tgz. Extracting by manifest.
1615 silly tarball no local data for @shikijs/vscode-textmate@https://registry.npmjs.org/@shikijs/vscode-textmate/-/vscode-textmate-10.0.2.tgz. Extracting by manifest.
1616 silly tarball no local data for @types/babel__traverse@https://registry.npmjs.org/@types/babel__traverse/-/babel__traverse-7.28.0.tgz. Extracting by manifest.
1617 silly tarball no local data for @types/cookie@https://registry.npmjs.org/@types/cookie/-/cookie-0.6.0.tgz. Extracting by manifest.
1618 silly tarball no local data for @shikijs/types@https://registry.npmjs.org/@shikijs/types/-/types-1.29.2.tgz. Extracting by manifest.
1619 silly tarball no local data for @types/babel__template@https://registry.npmjs.org/@types/babel__template/-/babel__template-7.4.4.tgz. Extracting by manifest.
1620 silly tarball no local data for @types/babel__core@https://registry.npmjs.org/@types/babel__core/-/babel__core-7.20.5.tgz. Extracting by manifest.
1621 silly tarball no local data for @types/babel__generator@https://registry.npmjs.org/@types/babel__generator/-/babel__generator-7.27.0.tgz. Extracting by manifest.
1622 silly tarball no local data for @shikijs/langs@https://registry.npmjs.org/@shikijs/langs/-/langs-1.29.2.tgz. Extracting by manifest.
1623 silly tarball no local data for @shikijs/engine-javascript@https://registry.npmjs.org/@shikijs/engine-javascript/-/engine-javascript-1.29.2.tgz. Extracting by manifest.
1624 silly tarball no local data for @shikijs/engine-oniguruma@https://registry.npmjs.org/@shikijs/engine-oniguruma/-/engine-oniguruma-1.29.2.tgz. Extracting by manifest.
1625 silly tarball no local data for @shikijs/core@https://registry.npmjs.org/@shikijs/core/-/core-1.29.2.tgz. Extracting by manifest.
1626 silly tarball no local data for @oslojs/encoding@https://registry.npmjs.org/@oslojs/encoding/-/encoding-1.1.0.tgz. Extracting by manifest.
1627 silly tarball no local data for @shikijs/themes@https://registry.npmjs.org/@shikijs/themes/-/themes-1.29.2.tgz. Extracting by manifest.
1628 silly tarball no local data for @nodelib/fs.walk@https://registry.npmjs.org/@nodelib/fs.walk/-/fs.walk-1.2.8.tgz. Extracting by manifest.
1629 silly tarball no local data for @jridgewell/trace-mapping@https://registry.npmjs.org/@jridgewell/trace-mapping/-/trace-mapping-0.3.31.tgz. Extracting by manifest.
1630 silly tarball no local data for @nodelib/fs.stat@https://registry.npmjs.org/@nodelib/fs.stat/-/fs.stat-2.0.5.tgz. Extracting by manifest.
1631 silly tarball no local data for @rollup/rollup-win32-x64-gnu@https://registry.npmjs.org/@rollup/rollup-win32-x64-gnu/-/rollup-win32-x64-gnu-4.61.1.tgz. Extracting by manifest.
1632 silly tarball no local data for @rollup/pluginutils@https://registry.npmjs.org/@rollup/pluginutils/-/pluginutils-5.4.0.tgz. Extracting by manifest.
1633 silly tarball no local data for @rollup/rollup-win32-x64-msvc@https://registry.npmjs.org/@rollup/rollup-win32-x64-msvc/-/rollup-win32-x64-msvc-4.61.1.tgz. Extracting by manifest.
1634 silly tarball no local data for @nodelib/fs.scandir@https://registry.npmjs.org/@nodelib/fs.scandir/-/fs.scandir-2.1.5.tgz. Extracting by manifest.
1635 silly tarball no local data for @jridgewell/sourcemap-codec@https://registry.npmjs.org/@jridgewell/sourcemap-codec/-/sourcemap-codec-1.5.5.tgz. Extracting by manifest.
1636 silly tarball no local data for @img/sharp-win32-x64@https://registry.npmjs.org/@img/sharp-win32-x64/-/sharp-win32-x64-0.33.5.tgz. Extracting by manifest.
1637 silly tarball no local data for @jridgewell/resolve-uri@https://registry.npmjs.org/@jridgewell/resolve-uri/-/resolve-uri-3.1.2.tgz. Extracting by manifest.
1638 silly tarball no local data for @esbuild/win32-x64@https://registry.npmjs.org/@esbuild/win32-x64/-/win32-x64-0.21.5.tgz. Extracting by manifest.
1639 silly tarball no local data for @jridgewell/gen-mapping@https://registry.npmjs.org/@jridgewell/gen-mapping/-/gen-mapping-0.3.13.tgz. Extracting by manifest.
1640 silly tarball no local data for @jridgewell/remapping@https://registry.npmjs.org/@jridgewell/remapping/-/remapping-2.3.5.tgz. Extracting by manifest.
1641 silly tarball no local data for @emnapi/runtime@https://registry.npmjs.org/@emnapi/runtime/-/runtime-1.11.0.tgz. Extracting by manifest.
1642 silly tarball no local data for @emmetio/stream-reader-utils@https://registry.npmjs.org/@emmetio/stream-reader-utils/-/stream-reader-utils-0.1.0.tgz. Extracting by manifest.
1643 silly tarball no local data for @emmetio/stream-reader@https://registry.npmjs.org/@emmetio/stream-reader/-/stream-reader-2.2.0.tgz. Extracting by manifest.
1644 silly tarball no local data for @biomejs/cli-win32-x64@https://registry.npmjs.org/@biomejs/cli-win32-x64/-/cli-win32-x64-1.7.3.tgz. Extracting by manifest.
1645 silly tarball no local data for @emmetio/scanner@https://registry.npmjs.org/@emmetio/scanner/-/scanner-1.0.4.tgz. Extracting by manifest.
1646 silly tarball no local data for @babel/types@https://registry.npmjs.org/@babel/types/-/types-7.29.7.tgz. Extracting by manifest.
1647 silly tarball no local data for @babel/template@https://registry.npmjs.org/@babel/template/-/template-7.29.7.tgz. Extracting by manifest.
1648 silly tarball no local data for @emmetio/html-matcher@https://registry.npmjs.org/@emmetio/html-matcher/-/html-matcher-1.3.0.tgz. Extracting by manifest.
1649 silly tarball no local data for @emmetio/css-abbreviation@https://registry.npmjs.org/@emmetio/css-abbreviation/-/css-abbreviation-2.1.8.tgz. Extracting by manifest.
1650 silly tarball no local data for @babel/plugin-transform-react-jsx@https://registry.npmjs.org/@babel/plugin-transform-react-jsx/-/plugin-transform-react-jsx-7.29.7.tgz. Extracting by manifest.
1651 silly tarball no local data for @emmetio/abbreviation@https://registry.npmjs.org/@emmetio/abbreviation/-/abbreviation-2.3.3.tgz. Extracting by manifest.
1652 silly tarball no local data for @emmetio/css-parser@https://registry.npmjs.org/@emmetio/css-parser/-/css-parser-0.4.1.tgz. Extracting by manifest.
1653 silly tarball no local data for @babel/plugin-syntax-jsx@https://registry.npmjs.org/@babel/plugin-syntax-jsx/-/plugin-syntax-jsx-7.29.7.tgz. Extracting by manifest.
1654 silly tarball no local data for @babel/traverse@https://registry.npmjs.org/@babel/traverse/-/traverse-7.29.7.tgz. Extracting by manifest.
1655 silly tarball no local data for @babel/helper-validator-identifier@https://registry.npmjs.org/@babel/helper-validator-identifier/-/helper-validator-identifier-7.29.7.tgz. Extracting by manifest.
1656 silly tarball no local data for @babel/parser@https://registry.npmjs.org/@babel/parser/-/parser-7.29.7.tgz. Extracting by manifest.
1657 silly tarball no local data for @babel/helper-validator-option@https://registry.npmjs.org/@babel/helper-validator-option/-/helper-validator-option-7.29.7.tgz. Extracting by manifest.
1658 silly tarball no local data for @babel/helper-string-parser@https://registry.npmjs.org/@babel/helper-string-parser/-/helper-string-parser-7.29.7.tgz. Extracting by manifest.
1659 silly tarball no local data for @babel/helpers@https://registry.npmjs.org/@babel/helpers/-/helpers-7.29.7.tgz. Extracting by manifest.
1660 silly tarball no local data for @babel/helper-globals@https://registry.npmjs.org/@babel/helper-globals/-/helper-globals-7.29.7.tgz. Extracting by manifest.
1661 silly tarball no local data for @babel/helper-plugin-utils@https://registry.npmjs.org/@babel/helper-plugin-utils/-/helper-plugin-utils-7.29.7.tgz. Extracting by manifest.
1662 silly tarball no local data for @babel/helper-module-transforms@https://registry.npmjs.org/@babel/helper-module-transforms/-/helper-module-transforms-7.29.7.tgz. Extracting by manifest.
1663 silly tarball no local data for @babel/helper-module-imports@https://registry.npmjs.org/@babel/helper-module-imports/-/helper-module-imports-7.29.7.tgz. Extracting by manifest.
1664 silly tarball no local data for @astrojs/yaml2ts@https://registry.npmjs.org/@astrojs/yaml2ts/-/yaml2ts-0.2.4.tgz. Extracting by manifest.
1665 silly tarball no local data for @babel/helper-annotate-as-pure@https://registry.npmjs.org/@babel/helper-annotate-as-pure/-/helper-annotate-as-pure-7.29.7.tgz. Extracting by manifest.
1666 silly tarball no local data for @babel/core@https://registry.npmjs.org/@babel/core/-/core-7.29.7.tgz. Extracting by manifest.
1667 silly tarball no local data for @babel/generator@https://registry.npmjs.org/@babel/generator/-/generator-7.29.7.tgz. Extracting by manifest.
1668 silly tarball no local data for @astrojs/telemetry@https://registry.npmjs.org/@astrojs/telemetry/-/telemetry-3.1.0.tgz. Extracting by manifest.
1669 silly tarball no local data for @babel/helper-compilation-targets@https://registry.npmjs.org/@babel/helper-compilation-targets/-/helper-compilation-targets-7.29.7.tgz. Extracting by manifest.
1670 silly tarball no local data for @babel/compat-data@https://registry.npmjs.org/@babel/compat-data/-/compat-data-7.29.7.tgz. Extracting by manifest.
1671 silly tarball no local data for @babel/code-frame@https://registry.npmjs.org/@babel/code-frame/-/code-frame-7.29.7.tgz. Extracting by manifest.
1672 silly tarball no local data for @astrojs/markdown-remark@https://registry.npmjs.org/@astrojs/markdown-remark/-/markdown-remark-5.3.0.tgz. Extracting by manifest.
1673 silly tarball no local data for @alloc/quick-lru@https://registry.npmjs.org/@alloc/quick-lru/-/quick-lru-5.2.0.tgz. Extracting by manifest.
1674 silly tarball no local data for @astrojs/prism@https://registry.npmjs.org/@astrojs/prism/-/prism-3.1.0.tgz. Extracting by manifest.
1675 silly tarball no local data for @types/node@https://registry.npmjs.org/@types/node/-/node-26.2.0.tgz. Extracting by manifest.
1676 silly tarball no local data for @astrojs/compiler@https://registry.npmjs.org/@astrojs/compiler/-/compiler-2.13.1.tgz. Extracting by manifest.
1677 silly tarball no local data for @astrojs/internal-helpers@https://registry.npmjs.org/@astrojs/internal-helpers/-/internal-helpers-0.4.1.tgz. Extracting by manifest.
1678 silly tarball no local data for @tailwindcss/typography@https://registry.npmjs.org/@tailwindcss/typography/-/typography-0.5.20.tgz. Extracting by manifest.
1679 silly tarball no local data for @biomejs/biome@https://registry.npmjs.org/@biomejs/biome/-/biome-1.7.3.tgz. Extracting by manifest.
1680 silly tarball no local data for volar-service-prettier@https://registry.npmjs.org/volar-service-prettier/-/volar-service-prettier-0.0.70.tgz. Extracting by manifest.
1681 silly tarball no local data for @astrojs/language-server@https://registry.npmjs.org/@astrojs/language-server/-/language-server-2.16.10.tgz. Extracting by manifest.
1682 silly tarball no local data for typescript@https://registry.npmjs.org/typescript/-/typescript-5.9.3.tgz. Extracting by manifest.
1683 silly tarball no local data for @astrojs/tailwind@https://registry.npmjs.org/@astrojs/tailwind/-/tailwind-5.1.5.tgz. Extracting by manifest.
1684 silly tarball no local data for @astrojs/check@https://registry.npmjs.org/@astrojs/check/-/check-0.6.0.tgz. Extracting by manifest.
1685 silly tarball no local data for @astrojs/vercel@https://registry.npmjs.org/@astrojs/vercel/-/vercel-7.8.2.tgz. Extracting by manifest.
1686 silly tarball no local data for yallist@https://registry.npmjs.org/yallist/-/yallist-5.0.0.tgz. Extracting by manifest.
1687 silly tarball no local data for astro@https://registry.npmjs.org/astro/-/astro-4.16.19.tgz. Extracting by manifest.
1688 silly tarball no local data for jose@https://registry.npmjs.org/jose/-/jose-6.2.10.tgz. Extracting by manifest.
1689 silly tarball no local data for tailwindcss@https://registry.npmjs.org/tailwindcss/-/tailwindcss-3.4.19.tgz. Extracting by manifest.
1690 silly tarball no local data for estree-walker@https://registry.npmjs.org/estree-walker/-/estree-walker-2.0.2.tgz. Extracting by manifest.
1691 silly tarball no local data for prettier@https://registry.npmjs.org/prettier/-/prettier-3.8.3.tgz. Extracting by manifest.
1692 silly tarball no local data for argparse@https://registry.npmjs.org/argparse/-/argparse-1.0.10.tgz. Extracting by manifest.
1693 silly tarball no local data for @octokit/types@https://registry.npmjs.org/@octokit/types/-/types-16.0.0.tgz. Extracting by manifest.
1694 silly tarball no local data for @octokit/types@https://registry.npmjs.org/@octokit/types/-/types-16.0.0.tgz. Extracting by manifest.
1695 silly tarball no local data for strip-ansi@https://registry.npmjs.org/strip-ansi/-/strip-ansi-6.0.1.tgz. Extracting by manifest.
1696 silly tarball no local data for js-yaml@https://registry.npmjs.org/js-yaml/-/js-yaml-3.14.2.tgz. Extracting by manifest.
1697 silly tarball no local data for request-light@https://registry.npmjs.org/request-light/-/request-light-0.5.8.tgz. Extracting by manifest.
1698 silly tarball no local data for @octokit/openapi-types@https://registry.npmjs.org/@octokit/openapi-types/-/openapi-types-27.0.0.tgz. Extracting by manifest.
1699 silly tarball no local data for yaml@https://registry.npmjs.org/yaml/-/yaml-2.7.1.tgz. Extracting by manifest.
1700 silly tarball no local data for string-width@https://registry.npmjs.org/string-width/-/string-width-4.2.3.tgz. Extracting by manifest.
1701 silly tarball no local data for emoji-regex@https://registry.npmjs.org/emoji-regex/-/emoji-regex-8.0.0.tgz. Extracting by manifest.
1702 silly tarball no local data for ansi-regex@https://registry.npmjs.org/ansi-regex/-/ansi-regex-5.0.1.tgz. Extracting by manifest.
1703 silly tarball no local data for vscode-languageserver-protocol@https://registry.npmjs.org/vscode-languageserver-protocol/-/vscode-languageserver-protocol-3.17.5.tgz. Extracting by manifest.
1704 silly tarball no local data for @octokit/openapi-types@https://registry.npmjs.org/@octokit/openapi-types/-/openapi-types-27.0.0.tgz. Extracting by manifest.
1705 silly tarball no local data for vscode-languageserver-types@https://registry.npmjs.org/vscode-languageserver-types/-/vscode-languageserver-types-3.17.5.tgz. Extracting by manifest.
1706 silly tarball no local data for vscode-languageserver-types@https://registry.npmjs.org/vscode-languageserver-types/-/vscode-languageserver-types-3.17.5.tgz. Extracting by manifest.
1707 silly tarball no local data for jsonc-parser@https://registry.npmjs.org/jsonc-parser/-/jsonc-parser-3.3.1.tgz. Extracting by manifest.
1708 silly tarball no local data for picomatch@https://registry.npmjs.org/picomatch/-/picomatch-2.3.2.tgz. Extracting by manifest.
1709 silly tarball no local data for postcss-selector-parser@https://registry.npmjs.org/postcss-selector-parser/-/postcss-selector-parser-6.1.2.tgz. Extracting by manifest.
1710 silly tarball no local data for p-limit@https://registry.npmjs.org/p-limit/-/p-limit-2.3.0.tgz. Extracting by manifest.
1711 silly tarball no local data for pify@https://registry.npmjs.org/pify/-/pify-4.0.1.tgz. Extracting by manifest.
1712 silly tarball no local data for vscode-jsonrpc@https://registry.npmjs.org/vscode-jsonrpc/-/vscode-jsonrpc-8.2.0.tgz. Extracting by manifest.
1713 silly tarball no local data for kleur@https://registry.npmjs.org/kleur/-/kleur-3.0.3.tgz. Extracting by manifest.
1714 silly tarball no local data for js-yaml@https://registry.npmjs.org/js-yaml/-/js-yaml-3.14.2.tgz. Extracting by manifest.
1715 silly tarball no local data for picomatch@https://registry.npmjs.org/picomatch/-/picomatch-2.3.2.tgz. Extracting by manifest.
1716 silly tarball no local data for argparse@https://registry.npmjs.org/argparse/-/argparse-1.0.10.tgz. Extracting by manifest.
1717 silly tarball no local data for is-unicode-supported@https://registry.npmjs.org/is-unicode-supported/-/is-unicode-supported-1.3.0.tgz. Extracting by manifest.
1718 silly tarball no local data for string-width@https://registry.npmjs.org/string-width/-/string-width-4.2.3.tgz. Extracting by manifest.
1719 silly tarball no local data for picomatch@https://registry.npmjs.org/picomatch/-/picomatch-2.3.2.tgz. Extracting by manifest.
1720 silly tarball no local data for wrap-ansi@https://registry.npmjs.org/wrap-ansi/-/wrap-ansi-7.0.0.tgz. Extracting by manifest.
1721 silly tarball no local data for emoji-regex@https://registry.npmjs.org/emoji-regex/-/emoji-regex-8.0.0.tgz. Extracting by manifest.
1722 silly tarball no local data for strip-ansi@https://registry.npmjs.org/strip-ansi/-/strip-ansi-6.0.1.tgz. Extracting by manifest.
1723 silly tarball no local data for strip-ansi@https://registry.npmjs.org/strip-ansi/-/strip-ansi-6.0.1.tgz. Extracting by manifest.
1724 silly tarball no local data for ansi-styles@https://registry.npmjs.org/ansi-styles/-/ansi-styles-4.3.0.tgz. Extracting by manifest.
1725 silly tarball no local data for ansi-regex@https://registry.npmjs.org/ansi-regex/-/ansi-regex-5.0.1.tgz. Extracting by manifest.
1726 silly tarball no local data for estree-walker@https://registry.npmjs.org/estree-walker/-/estree-walker-2.0.2.tgz. Extracting by manifest.
1727 silly tarball no local data for emoji-regex@https://registry.npmjs.org/emoji-regex/-/emoji-regex-8.0.0.tgz. Extracting by manifest.
1728 silly tarball no local data for semver@https://registry.npmjs.org/semver/-/semver-6.3.1.tgz. Extracting by manifest.
1729 silly tarball no local data for @vercel/analytics@https://registry.npmjs.org/@vercel/analytics/-/analytics-1.6.1.tgz. Extracting by manifest.
1730 silly tarball no local data for semver@https://registry.npmjs.org/semver/-/semver-6.3.1.tgz. Extracting by manifest.
1731 silly tarball no local data for string-width@https://registry.npmjs.org/string-width/-/string-width-4.2.3.tgz. Extracting by manifest.
1732 silly tarball no local data for ansi-regex@https://registry.npmjs.org/ansi-regex/-/ansi-regex-5.0.1.tgz. Extracting by manifest.
1733 silly tarball no local data for postcss-selector-parser@https://registry.npmjs.org/postcss-selector-parser/-/postcss-selector-parser-6.1.2.tgz. Extracting by manifest.
1734 silly tarball no local data for glob-parent@https://registry.npmjs.org/glob-parent/-/glob-parent-6.0.2.tgz. Extracting by manifest.
1735 http fetch POST 200 https://registry.npmjs.org/-/npm/v1/security/advisories/bulk 696ms
1736 silly audit report {
1736 silly audit report   astro: [
1736 silly audit report     {
1736 silly audit report       id: 1111026,
1736 silly audit report       url: 'https://github.com/advisories/GHSA-fvmw-cj7j-j39q',
1736 silly audit report       title: 'Astro Cloudflare adapter has Stored Cross-site Scripting vulnerability in /_image endpoint',
1736 silly audit report       severity: 'moderate',
1736 silly audit report       vulnerable_versions: '<5.15.9',
1736 silly audit report       cwe: [Array],
1736 silly audit report       cvss: [Object]
1736 silly audit report     },
1736 silly audit report     {
1736 silly audit report       id: 1111027,
1736 silly audit report       url: 'https://github.com/advisories/GHSA-ggxq-hp9w-j794',
1736 silly audit report       title: "Astro's middleware authentication checks based on url.pathname can be bypassed via url encoded values",
1736 silly audit report       severity: 'moderate',
1736 silly audit report       vulnerable_versions: '<5.15.8',
1736 silly audit report       cwe: [Array],
1736 silly audit report       cvss: [Object]
1736 silly audit report     },
1736 silly audit report     {
1736 silly audit report       id: 1111294,
1736 silly audit report       url: 'https://github.com/advisories/GHSA-whqg-ppgf-wp8c',
1736 silly audit report       title: 'Astro has an Authentication Bypass via Double URL Encoding, a bypass for CVE-2025-64765',
1736 silly audit report       severity: 'moderate',
1736 silly audit report       vulnerable_versions: '<5.15.8',
1736 silly audit report       cwe: [Array],
1736 silly audit report       cvss: [Object]
1736 silly audit report     },
1736 silly audit report     {
1736 silly audit report       id: 1118920,
1736 silly audit report       url: 'https://github.com/advisories/GHSA-xr5h-phrj-8vxv',
1736 silly audit report       title: 'Astro: Server island encrypted parameters vulnerable to cross-component replay',
1736 silly audit report       severity: 'low',
1736 silly audit report       vulnerable_versions: '<6.1.10',
1736 silly audit report       cwe: [Array],
1736 silly audit report       cvss: [Object]
1736 silly audit report     },
1736 silly audit report     {
1736 silly audit report       id: 1108906,
1736 silly audit report       url: 'https://github.com/advisories/GHSA-5ff5-9fcw-vg88',
1736 silly audit report       title: "Astro's `X-Forwarded-Host` is reflected without validation",
1736 silly audit report       severity: 'moderate',
1736 silly audit report       vulnerable_versions: '<5.14.3',
1736 silly audit report       cwe: [Array],
1736 silly audit report       cvss: [Object]
1736 silly audit report     },
1736 silly audit report     {
1736 silly audit report       id: 1109738,
1736 silly audit report       url: 'https://github.com/advisories/GHSA-hr2q-hp5q-x767',
1736 silly audit report       title: 'Astro vulnerable to URL manipulation via headers, leading to middleware and CVE-2025-61925 bypass',
1736 silly audit report       severity: 'moderate',
1736 silly audit report       vulnerable_versions: '>=2.16.0 <5.15.5',
1736 silly audit report       cwe: [Array],
1736 silly audit report       cvss: [Object]
1736 silly audit report     },
1736 silly audit report     {
1736 silly audit report       id: 1109850,
1736 silly audit report       url: 'https://github.com/advisories/GHSA-wrwg-2hg8-v723',
1736 silly audit report       title: 'Astro vulnerable to reflected XSS via the server islands feature',
1736 silly audit report       severity: 'high',
1736 silly audit report       vulnerable_versions: '<=5.15.6',
1736 silly audit report       cwe: [Array],
1736 silly audit report       cvss: [Object]
1736 silly audit report     },
1736 silly audit report     {
1736 silly audit report       id: 1109851,
1736 silly audit report       url: 'https://github.com/advisories/GHSA-x3h8-62x9-952g',
1736 silly audit report       title: 'Astro Development Server has Arbitrary Local File Read',
1736 silly audit report       severity: 'low',
1736 silly audit report       vulnerable_versions: '<5.14.3',
1736 silly audit report       cwe: [Array],
1736 silly audit report       cvss: [Object]
1736 silly audit report     },
1736 silly audit report     {
1736 silly audit report       id: 1115427,
1736 silly audit report       url: 'https://github.com/advisories/GHSA-g735-7g2w-hh3f',
1736 silly audit report       title: 'Astro: Remote allowlist bypass via unanchored matchPathname wildcard',
1736 silly audit report       severity: 'low',
1736 silly audit report       vulnerable_versions: '>=2.10.10 <5.18.1',
1736 silly audit report       cwe: [Array],
1736 silly audit report       cvss: [Object]
1736 silly audit report     },
1736 silly audit report     {
1736 silly audit report       id: 1117141,
1736 silly audit report       url: 'https://github.com/advisories/GHSA-j687-52p2-xcff',
1736 silly audit report       title: 'Astro: XSS in define:vars via incomplete </script> tag sanitization',
1736 silly audit report       severity: 'moderate',
1736 silly audit report       vulnerable_versions: '<6.1.6',
1736 silly audit report       cwe: [Array],
1736 silly audit report       cvss: [Object]
1736 silly audit report     },
1736 silly audit report     {
1736 silly audit report       id: 1123700,
1736 silly audit report       url: 'https://github.com/advisories/GHSA-jrpj-wcv7-9fh9',
1736 silly audit report       title: 'Astro: XSS via Unescaped Attribute Names in Spread Props',
1736 silly audit report       severity: 'moderate',
1736 silly audit report       vulnerable_versions: '<6.4.6',
1736 silly audit report       cwe: [Array],
1736 silly audit report       cvss: [Object]
1736 silly audit report     },
1736 silly audit report     {
1736 silly audit report       id: 1139373,
1736 silly audit report       url: 'https://github.com/advisories/GHSA-f48w-9m4c-m7f5',
1736 silly audit report       title: 'Astro: XSS via unescaped spread attribute names in renderHTMLElement (incomplete fix for CVE-2026-54298)',
1736 silly audit report       severity: 'moderate',
1736 silly audit report       vulnerable_versions: '<7.0.6',
1736 silly audit report       cwe: [Array],
1736 silly audit report       cvss: [Object]
1736 silly audit report     },
1736 silly audit report     {
1736 silly audit report       id: 1139375,
1736 silly audit report       url: 'https://github.com/advisories/GHSA-7pw4-f3q4-r2p2',
1736 silly audit report       title: 'Astro: Cross-site scripting via unescaped transition:* directive values on hydrated islands',
1736 silly audit report       severity: 'low',
1736 silly audit report       vulnerable_versions: '>=3.10.0 <7.0.4',
1736 silly audit report       cwe: [Array],
1736 silly audit report       cvss: [Object]
1736 silly audit report     },
1736 silly audit report     {
1736 silly audit report       id: 1139376,
1736 silly audit report       url: 'https://github.com/advisories/GHSA-4g3v-8h47-v7g6',
1736 silly audit report       title: 'Astro: Reflected XSS via unescaped View Transition animation properties',
1736 silly audit report       severity: 'moderate',
1736 silly audit report       vulnerable_versions: '>=2.9.0 <=7.0.9',
1736 silly audit report       cwe: [Array],
1736 silly audit report       cvss: [Object]
1736 silly audit report     },
1736 silly audit report     {
1736 silly audit report       id: 1139377,
1736 silly audit report       url: 'https://github.com/advisories/GHSA-2pvr-wf23-7pc7',
1736 silly audit report       title: 'Astro: Host header SSRF in prerendered error page fetch',
1736 silly audit report       severity: 'high',
1736 silly audit report       vulnerable_versions: '<6.4.6',
1736 silly audit report       cwe: [Array],
1736 silly audit report       cvss: [Object]
1736 silly audit report     },
1736 silly audit report     {
1736 silly audit report       id: 1139378,
1736 silly audit report       url: 'https://github.com/advisories/GHSA-8hv8-536x-4wqp',
1736 silly audit report       title: 'Astro: Reflected XSS via unescaped slot name',
1736 silly audit report       severity: 'high',
1736 silly audit report       vulnerable_versions: '<6.3.3',
1736 silly audit report       cwe: [Array],
1736 silly audit report       cvss: [Object]
1736 silly audit report     }
1736 silly audit report   ],
1736 silly audit report   esbuild: [
1736 silly audit report     {
1736 silly audit report       id: 1102341,
1736 silly audit report       url: 'https://github.com/advisories/GHSA-67mh-4wv8-2f99',
1736 silly audit report       title: 'esbuild enables any website to send any requests to the development server and read the response',
1736 silly audit report       severity: 'moderate',
1736 silly audit report       vulnerable_versions: '<=0.24.2',
1736 silly audit report       cwe: [Array],
1736 silly audit report       cvss: [Object]
1736 silly audit report     }
1736 silly audit report   ],
1736 silly audit report   'fast-uri': [
1736 silly audit report     {
1736 silly audit report       id: 1130720,
1736 silly audit report       url: 'https://github.com/advisories/GHSA-7p8r-x3mc-p8w7',
1736 silly audit report       title: 'fast-uri vulnerable to host confusion via backslash authority introducer',
1736 silly audit report       severity: 'high',
1736 silly audit report       vulnerable_versions: '>=3.0.0 <3.1.5',
1736 silly audit report       cwe: [Array],
1736 silly audit report       cvss: [Object]
1736 silly audit report     },
1736 silly audit report     {
1736 silly audit report       id: 1124064,
1736 silly audit report       url: 'https://github.com/advisories/GHSA-v2hh-gcrm-f6hx',
1736 silly audit report       title: 'fast-uri vulnerable to host confusion via literal backslash authority delimiter',
1736 silly audit report       severity: 'high',
1736 silly audit report       vulnerable_versions: '>=3.0.0 <=3.1.3',
1736 silly audit report       cwe: [Array],
1736 silly audit report       cvss: [Object]
1736 silly audit report     },
1736 silly audit report     {
1736 silly audit report       id: 1145636,
1736 silly audit report       url: 'https://github.com/advisories/GHSA-4c8g-83qw-93j6',
1736 silly audit report       title: 'fast-uri vulnerable to host confusion via failed IDN canonicalization',
1736 silly audit report       severity: 'high',
1736 silly audit report       vulnerable_versions: '>=3.0.0 <3.1.3',
1736 silly audit report       cwe: [Array],
1736 silly audit report       cvss: [Object]
1736 silly audit report     }
1736 silly audit report   ],
1736 silly audit report   'js-yaml': [
1736 silly audit report     {
1736 silly audit report       id: 1121859,
1736 silly audit report       url: 'https://github.com/advisories/GHSA-h67p-54hq-rp68',
1736 silly audit report       title: 'JS-YAML: Quadratic-complexity DoS in merge key handling via repeated aliases',
1736 silly audit report       severity: 'moderate',
1736 silly audit report       vulnerable_versions: '<3.15.0',
1736 silly audit report       cwe: [Array],
1736 silly audit report       cvss: [Object]
1736 silly audit report     },
1736 silly audit report     {
1736 silly audit report       id: 1123911,
1736 silly audit report       url: 'https://github.com/advisories/GHSA-52cp-r559-cp3m',
1736 silly audit report       title: 'js-yaml: YAML merge-key chains can force quadratic CPU consumption',
1736 silly audit report       severity: 'high',
1736 silly audit report       vulnerable_versions: '>=4.0.0 <4.3.0',
1736 silly audit report       cwe: [Array],
1736 silly audit report       cvss: [Object]
1736 silly audit report     },
1736 silly audit report     {
1736 silly audit report       id: 1123912,
1736 silly audit report       url: 'https://github.com/advisories/GHSA-52cp-r559-cp3m',
1736 silly audit report       title: 'js-yaml: YAML merge-key chains can force quadratic CPU consumption',
1736 silly audit report       severity: 'high',
1736 silly audit report       vulnerable_versions: '>=3.0.0 <3.15.0',
1736 silly audit report       cwe: [Array],
1736 silly audit report       cvss: [Object]
1736 silly audit report     },
1736 silly audit report     {
1736 silly audit report       id: 1138114,
1736 silly audit report       url: 'https://github.com/advisories/GHSA-5p4m-2wfm-xmqj',
1736 silly audit report       title: 'JS-YAML: Quadratic CPU consumption in !!omap resolution (3.x and 4.x) — CVE-2026-59870 fix not backported',
1736 silly audit report       severity: 'high',
1736 silly audit report       vulnerable_versions: '>=3.0.0 <3.15.1',
1736 silly audit report       cwe: [Array],
1736 silly audit report       cvss: [Object]
1736 silly audit report     },
1736 silly audit report     {
1736 silly audit report       id: 1138115,
1736 silly audit report       url: 'https://github.com/advisories/GHSA-5p4m-2wfm-xmqj',
1736 silly audit report       title: 'JS-YAML: Quadratic CPU consumption in !!omap resolution (3.x and 4.x) — CVE-2026-59870 fix not backported',
1736 silly audit report       severity: 'high',
1736 silly audit report       vulnerable_versions: '>=4.0.0 <4.3.1',
1736 silly audit report       cwe: [Array],
1736 silly audit report       cvss: [Object]
1736 silly audit report     }
1736 silly audit report   ],
1736 silly audit report   nanoid: [
1736 silly audit report     {
1736 silly audit report       id: 1138811,
1736 silly audit report       url: 'https://github.com/advisories/GHSA-28wg-ghj8-5hjv',
1736 silly audit report       title: 'nanoid: non-secure generators can loop indefinitely with negative size',
1736 silly audit report       severity: 'high',
1736 silly audit report       vulnerable_versions: '<3.3.16',
1736 silly audit report       cwe: [Array],
1736 silly audit report       cvss: [Object]
1736 silly audit report     },
1736 silly audit report     {
1736 silly audit report       id: 1139427,
1736 silly audit report       url: 'https://github.com/advisories/GHSA-2v37-7h3g-55p8',
1736 silly audit report       title: 'nanoid: custom generators can loop indefinitely when size is zero',
1736 silly audit report       severity: 'high',
1736 silly audit report       vulnerable_versions: '<3.3.18',
1736 silly audit report       cwe: [Array],
1736 silly audit report       cvss: [Object]
1736 silly audit report     }
1736 silly audit report   ],
1736 silly audit report   postcss: [
1736 silly audit report     {
1736 silly audit report       id: 1130709,
1736 silly audit report       url: 'https://github.com/advisories/GHSA-fxqj-rqcc-2cmp',
1736 silly audit report       title: 'PostCSS: incomplete fix of GHSA-6g55-p6wh-862q — attacker-controlled sourceMappingURL reads arbitrary .map files when `from` is unset',
1736 silly audit report       severity: 'moderate',
1736 silly audit report       vulnerable_versions: '<=8.5.22',
1736 silly audit report       cwe: [Array],
1736 silly audit report       cvss: [Object]
1736 silly audit report     },
1736 silly audit report     {
1736 silly audit report       id: 1139510,
1736 silly audit report       url: 'https://github.com/advisories/GHSA-r28c-9q8g-f849',
1736 silly audit report       title: 'PostCSS: Path Traversal in Previous Source Map Auto-Loading (sourceMappingURL) leads to Arbitrary .map File Disclosure',
1736 silly audit report       severity: 'high',
1736 silly audit report       vulnerable_versions: '<=8.5.17',
1736 silly audit report       cwe: [Array],
1736 silly audit report       cvss: [Object]
1736 silly audit report     }
1736 silly audit report   ],
1736 silly audit report   sharp: [
1736 silly audit report     {
1736 silly audit report       id: 1124066,
1736 silly audit report       url: 'https://github.com/advisories/GHSA-f88m-g3jw-g9cj',
1736 silly audit report       title: 'sharp inherited vulnerabilities in libvips: CVE-2026-33327, CVE-2026-33328, CVE-2026-35590, CVE-2026-35591',
1736 silly audit report       severity: 'high',
1736 silly audit report       vulnerable_versions: '<0.35.0',
1736 silly audit report       cwe: [Array],
1736 silly audit report       cvss: [Object]
1736 silly audit report     }
1736 silly audit report   ],
1736 silly audit report   vite: [
1736 silly audit report     {
1736 silly audit report       id: 1120784,
1736 silly audit report       url: 'https://github.com/advisories/GHSA-v6wh-96g9-6wx3',
1736 silly audit report       title: 'launch-editor: NTLMv2 hash disclosure via UNC path handling on Windows',
1736 silly audit report       severity: 'moderate',
1736 silly audit report       vulnerable_versions: '<=6.4.2',
1736 silly audit report       cwe: [Array],
1736 silly audit report       cvss: [Object]
1736 silly audit report     },
1736 silly audit report     {
1736 silly audit report       id: 1116229,
1736 silly audit report       url: 'https://github.com/advisories/GHSA-4w7w-66w2-5vf9',
1736 silly audit report       title: 'Vite Vulnerable to Path Traversal in Optimized Deps `.map` Handling',
1736 silly audit report       severity: 'moderate',
1736 silly audit report       vulnerable_versions: '<=6.4.1',
1736 silly audit report       cwe: [Array],
1736 silly audit report       cvss: [Object]
1736 silly audit report     },
1736 silly audit report     {
1736 silly audit report       id: 1123525,
1736 silly audit report       url: 'https://github.com/advisories/GHSA-fx2h-pf6j-xcff',
1736 silly audit report       title: 'vite: `server.fs.deny` bypass on Windows alternate paths',
1736 silly audit report       severity: 'high',
1736 silly audit report       vulnerable_versions: '<=6.4.2',
1736 silly audit report       cwe: [Array],
1736 silly audit report       cvss: [Object]
1736 silly audit report     }
1736 silly audit report   ],
1736 silly audit report   yaml: [
1736 silly audit report     {
1736 silly audit report       id: 1115556,
1736 silly audit report       url: 'https://github.com/advisories/GHSA-48c2-rrv3-qjmp',
1736 silly audit report       title: 'yaml is vulnerable to Stack Overflow via deeply nested YAML collections',
1736 silly audit report       severity: 'moderate',
1736 silly audit report       vulnerable_versions: '>=2.0.0 <2.8.3',
1736 silly audit report       cwe: [Array],
1736 silly audit report       cvss: [Object]
1736 silly audit report     }
1736 silly audit report   ],
1736 silly audit report   '@astrojs/vercel': [
1736 silly audit report     {
1736 silly audit report       id: 1115428,
1736 silly audit report       url: 'https://github.com/advisories/GHSA-mr6q-rp88-fx84',
1736 silly audit report       title: 'Astro: Unauthenticated Path Override via `x-astro-path` / `x_astro_path`',
1736 silly audit report       severity: 'moderate',
1736 silly audit report       vulnerable_versions: '<10.0.2',
1736 silly audit report       cwe: [Array],
1736 silly audit report       cvss: [Object]
1736 silly audit report     }
1736 silly audit report   ]
1736 silly audit report }
1737 silly packumentCache corgi:https://registry.npmjs.org/astro cache-miss
1738 silly packumentCache corgi:https://registry.npmjs.org/esbuild cache-miss
1739 silly packumentCache corgi:https://registry.npmjs.org/fast-uri cache-miss
1740 silly packumentCache corgi:https://registry.npmjs.org/js-yaml cache-miss
1741 silly packumentCache corgi:https://registry.npmjs.org/nanoid cache-miss
1742 silly packumentCache corgi:https://registry.npmjs.org/postcss cache-miss
1743 silly packumentCache corgi:https://registry.npmjs.org/sharp cache-miss
1744 silly packumentCache corgi:https://registry.npmjs.org/vite cache-miss
1745 silly packumentCache corgi:https://registry.npmjs.org/yaml cache-miss
1746 silly packumentCache corgi:https://registry.npmjs.org/@astrojs%2fvercel cache-miss
1747 http fetch GET 200 https://registry.npmjs.org/whatwg-url/-/whatwg-url-5.0.0.tgz 447ms (cache miss)
1748 http fetch GET 200 https://registry.npmjs.org/abbrev/-/abbrev-3.0.1.tgz 463ms (cache miss)
1749 http fetch GET 200 https://registry.npmjs.org/webidl-conversions/-/webidl-conversions-3.0.1.tgz 473ms (cache miss)
1750 http fetch GET 200 https://registry.npmjs.org/brace-expansion/-/brace-expansion-1.1.18.tgz 478ms (cache miss)
1751 http fetch GET 200 https://registry.npmjs.org/@isaacs/fs-minipass/-/fs-minipass-4.0.1.tgz 499ms (cache miss)
1752 http fetch GET 200 https://registry.npmjs.org/inherits/-/inherits-2.0.4.tgz 694ms (cache miss)
1753 http fetch GET 200 https://registry.npmjs.org/balanced-match/-/balanced-match-1.0.2.tgz 725ms (cache miss)
1754 http fetch GET 200 https://registry.npmjs.org/file-uri-to-path/-/file-uri-to-path-1.0.0.tgz 760ms (cache miss)
1755 http fetch GET 200 https://registry.npmjs.org/path-is-absolute/-/path-is-absolute-1.0.1.tgz 775ms (cache miss)
1756 http fetch GET 200 https://registry.npmjs.org/chownr/-/chownr-3.0.0.tgz 860ms (cache miss)
1757 http fetch GET 200 https://registry.npmjs.org/minimatch/-/minimatch-3.1.5.tgz 1023ms (cache miss)
1758 http fetch GET 200 https://registry.npmjs.org/inflight/-/inflight-1.0.6.tgz 1025ms (cache miss)
1759 warn deprecated inflight@1.0.6: This module is not supported, and leaks memory. Do not use it. Check out lru-cache if you want a good and tested way to coalesce async requests by a key value, which is much more comprehensive and powerful.
1760 http fetch GET 200 https://registry.npmjs.org/minipass/-/minipass-7.1.3.tgz 1068ms (cache miss)
1761 http fetch GET 200 https://registry.npmjs.org/agent-base/-/agent-base-7.1.4.tgz 1126ms (cache miss)
1762 http fetch GET 200 https://registry.npmjs.org/concat-map/-/concat-map-0.0.1.tgz 1238ms (cache miss)
1763 http fetch GET 200 https://registry.npmjs.org/resolve-from/-/resolve-from-5.0.0.tgz 1258ms (cache miss)
1764 http fetch GET 200 https://registry.npmjs.org/node-gyp-build/-/node-gyp-build-4.8.4.tgz 1271ms (cache miss)
1765 http fetch GET 200 https://registry.npmjs.org/fs.realpath/-/fs.realpath-1.0.0.tgz 1278ms (cache miss)
1766 http fetch GET 200 https://registry.npmjs.org/tr46/-/tr46-0.0.3.tgz 1304ms (cache miss)
1767 http fetch GET 200 https://registry.npmjs.org/node-fetch/-/node-fetch-2.7.0.tgz 1311ms (cache miss)
1768 http fetch GET 200 https://registry.npmjs.org/nopt/-/nopt-8.1.0.tgz 1312ms (cache miss)
1769 http fetch GET 200 https://registry.npmjs.org/bindings/-/bindings-1.5.0.tgz 1602ms (cache miss)
1770 http fetch GET 200 https://registry.npmjs.org/@octokit/endpoint/-/endpoint-11.0.4.tgz 1622ms (cache miss)
1771 http fetch GET 200 https://registry.npmjs.org/once/-/once-1.4.0.tgz 1699ms (cache miss)
1772 http fetch GET 200 https://registry.npmjs.org/async-sema/-/async-sema-3.1.1.tgz 1774ms (cache miss)
1773 http fetch GET 200 https://registry.npmjs.org/@octokit/types/-/types-17.0.0.tgz 1833ms (cache miss)
1774 http fetch GET 200 https://registry.npmjs.org/@octokit/request-error/-/request-error-7.1.1.tgz 1836ms (cache miss)
1775 http fetch GET 200 https://registry.npmjs.org/universal-user-agent/-/universal-user-agent-7.0.3.tgz 2024ms (cache miss)
1776 http fetch GET 200 https://registry.npmjs.org/minizlib/-/minizlib-3.1.0.tgz 2037ms (cache miss)
1777 http fetch GET 200 https://registry.npmjs.org/glob/-/glob-7.2.3.tgz 2071ms (cache miss)
1778 warn deprecated glob@7.2.3: Old versions of glob are not supported, and contain widely publicized security vulnerabilities, which have been fixed in the current version. Please update. Support for old versions may be purchased (at exorbitant rates) by contacting i@izs.me
1779 http fetch GET 200 https://registry.npmjs.org/acorn-import-attributes/-/acorn-import-attributes-1.9.5.tgz 2135ms (cache miss)
1780 http fetch GET 200 https://registry.npmjs.org/undici-types/-/undici-types-8.3.0.tgz 2145ms (cache miss)
1781 http fetch GET 200 https://registry.npmjs.org/https-proxy-agent/-/https-proxy-agent-7.0.6.tgz 2230ms (cache miss)
1782 http fetch GET 200 https://registry.npmjs.org/before-after-hook/-/before-after-hook-4.0.0.tgz 2423ms (cache miss)
1783 http fetch GET 200 https://registry.npmjs.org/gray-matter/-/gray-matter-4.0.3.tgz 2520ms (cache miss)
1784 http fetch GET 200 https://registry.npmjs.org/wrappy/-/wrappy-1.0.2.tgz 2766ms (cache miss)
1785 http fetch GET 200 https://registry.npmjs.org/@mapbox/node-pre-gyp/-/node-pre-gyp-2.0.3.tgz 2761ms (cache miss)
1786 http fetch GET 200 https://registry.npmjs.org/@octokit/graphql/-/graphql-9.0.4.tgz 2766ms (cache miss)
1787 http fetch GET 200 https://registry.npmjs.org/content-type/-/content-type-3.0.0.tgz 2833ms (cache miss)
1788 http fetch GET 200 https://registry.npmjs.org/@vercel/nft/-/nft-0.27.10.tgz 2870ms (cache miss)
1789 http fetch GET 200 https://registry.npmjs.org/@octokit/plugin-paginate-rest/-/plugin-paginate-rest-14.0.0.tgz 3009ms (cache miss)
1790 http fetch GET 200 https://registry.npmjs.org/@vercel/edge/-/edge-1.3.3.tgz 3070ms (cache miss)
1791 http fetch GET 200 https://registry.npmjs.org/@octokit/plugin-request-log/-/plugin-request-log-6.0.0.tgz 3131ms (cache miss)
1792 http fetch GET 200 https://registry.npmjs.org/@octokit/rest/-/rest-22.0.1.tgz 3133ms (cache miss)
1793 http fetch GET 200 https://registry.npmjs.org/web-vitals/-/web-vitals-3.5.2.tgz 3152ms (cache miss)
1794 http fetch GET 200 https://registry.npmjs.org/@octokit/auth-token/-/auth-token-6.0.0.tgz 3229ms (cache miss)
1795 http fetch GET 200 https://registry.npmjs.org/json-with-bigint/-/json-with-bigint-3.5.12.tgz 3244ms (cache miss)
1796 http fetch GET 200 https://registry.npmjs.org/zod-to-ts/-/zod-to-ts-1.2.0.tgz 3292ms (cache miss)
1797 http fetch GET 200 https://registry.npmjs.org/@octokit/core/-/core-7.0.7.tgz 3344ms (cache miss)
1798 http fetch GET 200 https://registry.npmjs.org/yallist/-/yallist-3.1.1.tgz 3516ms (cache miss)
1799 http fetch GET 200 https://registry.npmjs.org/@octokit/request/-/request-10.0.15.tgz 3651ms (cache miss)
1800 http fetch GET 200 https://registry.npmjs.org/yargs-parser/-/yargs-parser-21.1.1.tgz 3672ms (cache miss)
1801 http fetch GET 200 https://registry.npmjs.org/zwitch/-/zwitch-2.0.4.tgz 3820ms (cache miss)
1802 http fetch GET 200 https://registry.npmjs.org/yargs/-/yargs-17.7.2.tgz 3849ms (cache miss)
1803 http fetch GET 200 https://registry.npmjs.org/widest-line/-/widest-line-5.0.0.tgz 3895ms (cache miss)
1804 http fetch GET 200 https://registry.npmjs.org/consola/-/consola-3.4.2.tgz 3906ms (cache miss)
1805 http fetch GET 200 https://registry.npmjs.org/web-namespaces/-/web-namespaces-2.0.1.tgz 4091ms (cache miss)
1806 http fetch GET 200 https://registry.npmjs.org/which-pm/-/which-pm-3.0.1.tgz 4196ms (cache miss)
1807 http fetch GET 200 https://registry.npmjs.org/yocto-queue/-/yocto-queue-1.2.2.tgz 4422ms (cache miss)
1808 http fetch GET 200 https://registry.npmjs.org/xxhash-wasm/-/xxhash-wasm-1.1.0.tgz 4581ms (cache miss)
1809 http fetch GET 200 https://registry.npmjs.org/y18n/-/y18n-5.0.8.tgz 4604ms (cache miss)
1810 http fetch GET 200 https://registry.npmjs.org/vscode-languageserver-textdocument/-/vscode-languageserver-textdocument-1.0.12.tgz 4698ms (cache miss)
1811 http fetch GET 200 https://registry.npmjs.org/zod-to-json-schema/-/zod-to-json-schema-3.25.2.tgz 4709ms (cache miss)
1812 http fetch GET 200 https://registry.npmjs.org/vscode-jsonrpc/-/vscode-jsonrpc-9.0.0.tgz 4910ms (cache miss)
1813 http fetch GET 200 https://registry.npmjs.org/which-pm-runs/-/which-pm-runs-1.1.0.tgz 5059ms (cache miss)
1814 http fetch GET 200 https://registry.npmjs.org/vscode-nls/-/vscode-nls-5.2.0.tgz 5060ms (cache miss)
1815 http fetch GET 200 https://registry.npmjs.org/vscode-uri/-/vscode-uri-3.1.0.tgz 5585ms (cache miss)
1816 http fetch GET 200 https://registry.npmjs.org/vscode-json-languageservice/-/vscode-json-languageservice-4.1.8.tgz 5978ms (cache miss)
1817 http fetch GET 200 https://registry.npmjs.org/@octokit/openapi-types/-/openapi-types-28.0.0.tgz 6290ms (cache miss)
1818 http fetch GET 200 https://registry.npmjs.org/volar-service-typescript/-/volar-service-typescript-0.0.70.tgz 6360ms (cache miss)
1819 http fetch GET 200 https://registry.npmjs.org/vscode-languageserver/-/vscode-languageserver-9.0.1.tgz 6436ms (cache miss)
1820 http fetch GET 200 https://registry.npmjs.org/vscode-languageserver-protocol/-/vscode-languageserver-protocol-3.18.0.tgz 6476ms (cache miss)
1821 http fetch GET 200 https://registry.npmjs.org/volar-service-emmet/-/volar-service-emmet-0.0.70.tgz 6514ms (cache miss)
1822 http fetch GET 200 https://registry.npmjs.org/vscode-languageserver-types/-/vscode-languageserver-types-3.18.0.tgz 6615ms (cache miss)
1823 http fetch GET 200 https://registry.npmjs.org/volar-service-html/-/volar-service-html-0.0.70.tgz 6658ms (cache miss)
1824 http fetch GET 200 https://registry.npmjs.org/volar-service-yaml/-/volar-service-yaml-0.0.70.tgz 6710ms (cache miss)
1825 http fetch GET 200 https://registry.npmjs.org/volar-service-css/-/volar-service-css-0.0.70.tgz 6788ms (cache miss)
1826 http fetch GET 200 https://registry.npmjs.org/volar-service-typescript-twoslash-queries/-/volar-service-typescript-twoslash-queries-0.0.70.tgz 6983ms (cache miss)
1827 http fetch GET 200 https://registry.npmjs.org/vitefu/-/vitefu-1.1.3.tgz 7075ms (cache miss)
1828 http fetch GET 200 https://registry.npmjs.org/vfile/-/vfile-6.0.3.tgz 7198ms (cache miss)
1829 http fetch GET 200 https://registry.npmjs.org/unist-util-stringify-position/-/unist-util-stringify-position-4.0.0.tgz 7405ms (cache miss)
1830 http fetch GET 200 https://registry.npmjs.org/yaml/-/yaml-2.9.0.tgz 7601ms (cache miss)
1831 http fetch GET 200 https://registry.npmjs.org/yaml-language-server/-/yaml-language-server-1.20.0.tgz 7615ms (cache miss)
1832 http fetch GET 200 https://registry.npmjs.org/vfile-message/-/vfile-message-4.0.3.tgz 7688ms (cache miss)
1833 http fetch GET 200 https://registry.npmjs.org/unist-util-remove-position/-/unist-util-remove-position-5.0.0.tgz 7728ms (cache miss)
1834 http fetch GET 200 https://registry.npmjs.org/unist-util-visit-parents/-/unist-util-visit-parents-6.0.2.tgz 7791ms (cache miss)
1835 http fetch GET 200 https://registry.npmjs.org/unist-util-position/-/unist-util-position-5.0.0.tgz 7888ms (cache miss)
1836 http fetch GET 200 https://registry.npmjs.org/unist-util-modify-children/-/unist-util-modify-children-4.0.0.tgz 8064ms (cache miss)
1837 http fetch GET 200 https://registry.npmjs.org/util-deprecate/-/util-deprecate-1.0.2.tgz 8082ms (cache miss)
1838 http fetch GET 200 https://registry.npmjs.org/wrap-ansi/-/wrap-ansi-9.0.2.tgz 8158ms (cache miss)
1839 http fetch GET 200 https://registry.npmjs.org/unist-util-visit-children/-/unist-util-visit-children-3.0.0.tgz 8162ms (cache miss)
1840 http fetch GET 200 https://registry.npmjs.org/vfile-location/-/vfile-location-5.0.3.tgz 8215ms (cache miss)
1841 http fetch GET 200 https://registry.npmjs.org/typesafe-path/-/typesafe-path-0.2.2.tgz 8392ms (cache miss)
1842 http fetch GET 200 https://registry.npmjs.org/unist-util-find-after/-/unist-util-find-after-5.0.0.tgz 8455ms (cache miss)
1843 http fetch GET 200 https://registry.npmjs.org/unified/-/unified-11.0.5.tgz 8508ms (cache miss)
1844 http fetch GET 200 https://registry.npmjs.org/update-browserslist-db/-/update-browserslist-db-1.2.3.tgz 8530ms (cache miss)
1845 http fetch GET 200 https://registry.npmjs.org/tinyglobby/-/tinyglobby-0.2.17.tgz 8794ms (cache miss)
1846 http fetch GET 200 https://registry.npmjs.org/trough/-/trough-2.2.0.tgz 8811ms (cache miss)
1847 http fetch GET 200 https://registry.npmjs.org/typescript-auto-import-cache/-/typescript-auto-import-cache-0.3.6.tgz 8812ms (cache miss)
1848 http fetch GET 200 https://registry.npmjs.org/unist-util-visit/-/unist-util-visit-5.1.0.tgz 9030ms (cache miss)
1849 http fetch GET 200 https://registry.npmjs.org/unist-util-is/-/unist-util-is-6.0.1.tgz 9203ms (cache miss)
1850 http fetch GET 200 https://registry.npmjs.org/tslib/-/tslib-2.8.1.tgz 9249ms (cache miss)
1851 http fetch GET 200 https://registry.npmjs.org/ts-interface-checker/-/ts-interface-checker-0.1.13.tgz 9263ms (cache miss)
1852 http fetch GET 200 https://registry.npmjs.org/tsconfck/-/tsconfck-3.1.6.tgz 9365ms (cache miss)
1853 http fetch GET 200 https://registry.npmjs.org/strip-bom/-/strip-bom-3.0.0.tgz 9533ms (cache miss)
1854 http fetch GET 200 https://registry.npmjs.org/tinyexec/-/tinyexec-0.3.2.tgz 9537ms (cache miss)
1855 http fetch GET 200 https://registry.npmjs.org/to-regex-range/-/to-regex-range-5.0.1.tgz 9570ms (cache miss)
1856 http fetch GET 200 https://registry.npmjs.org/thenify/-/thenify-3.3.1.tgz 9659ms (cache miss)
1857 http fetch GET 200 https://registry.npmjs.org/strip-bom-string/-/strip-bom-string-1.0.0.tgz 9688ms (cache miss)
1858 http fetch GET 200 https://registry.npmjs.org/type-fest/-/type-fest-4.41.0.tgz 9742ms (cache miss)
1859 http fetch GET 200 https://registry.npmjs.org/strip-ansi/-/strip-ansi-7.2.0.tgz 9839ms (cache miss)
1860 http fetch GET 200 https://registry.npmjs.org/string-width/-/string-width-7.2.0.tgz 9849ms (cache miss)
1861 http fetch GET 200 https://registry.npmjs.org/supports-preserve-symlinks-flag/-/supports-preserve-symlinks-flag-1.0.0.tgz 10045ms (cache miss)
1862 http fetch GET 200 https://registry.npmjs.org/tar/-/tar-7.5.22.tgz 10100ms (cache miss)
1863 http fetch GET 200 https://registry.npmjs.org/vscode-html-languageservice/-/vscode-html-languageservice-5.6.2.tgz 10107ms (cache miss)
1864 http fetch GET 200 https://registry.npmjs.org/@octokit/plugin-rest-endpoint-methods/-/plugin-rest-endpoint-methods-17.0.0.tgz 10133ms (cache miss)
1865 http fetch GET 200 https://registry.npmjs.org/stdin-discarder/-/stdin-discarder-0.2.2.tgz 10169ms (cache miss)
1866 http fetch GET 200 https://registry.npmjs.org/sisteransi/-/sisteransi-1.0.5.tgz 10361ms (cache miss)
1867 http fetch GET 200 https://registry.npmjs.org/signal-exit/-/signal-exit-4.1.0.tgz 10478ms (cache miss)
1868 http fetch GET 200 https://registry.npmjs.org/vscode-css-languageservice/-/vscode-css-languageservice-6.3.10.tgz 10582ms (cache miss)
1869 http fetch GET 200 https://registry.npmjs.org/thenify-all/-/thenify-all-1.6.0.tgz 10637ms (cache miss)
1870 http fetch GET 200 https://registry.npmjs.org/space-separated-tokens/-/space-separated-tokens-2.0.2.tgz 10639ms (cache miss)
1871 http fetch GET 200 https://registry.npmjs.org/run-parallel/-/run-parallel-1.2.0.tgz 10711ms (cache miss)
1872 http fetch GET 200 https://registry.npmjs.org/simple-swizzle/-/simple-swizzle-0.2.4.tgz 10764ms (cache miss)
1873 http fetch GET 200 https://registry.npmjs.org/sprintf-js/-/sprintf-js-1.0.3.tgz 10766ms (cache miss)
1874 http fetch GET 200 https://registry.npmjs.org/reusify/-/reusify-1.1.0.tgz 10986ms (cache miss)
1875 http fetch GET 200 https://registry.npmjs.org/retext-stringify/-/retext-stringify-4.0.0.tgz 11039ms (cache miss)
1876 http fetch GET 200 https://registry.npmjs.org/section-matter/-/section-matter-1.0.0.tgz 11047ms (cache miss)
1877 http fetch GET 200 https://registry.npmjs.org/trim-lines/-/trim-lines-3.0.1.tgz 11075ms (cache miss)
1878 http fetch GET 200 https://registry.npmjs.org/semver/-/semver-7.8.3.tgz 11327ms (cache miss)
1879 http fetch GET 200 https://registry.npmjs.org/stringify-entities/-/stringify-entities-4.0.4.tgz 11342ms (cache miss)
1880 http fetch GET 200 https://registry.npmjs.org/remark-stringify/-/remark-stringify-11.0.0.tgz 11540ms (cache miss)
1881 http fetch GET 200 https://registry.npmjs.org/retext-smartypants/-/retext-smartypants-6.2.0.tgz 11576ms (cache miss)
1882 http fetch GET 200 https://registry.npmjs.org/source-map-js/-/source-map-js-1.2.1.tgz 11606ms (cache miss)
1883 http fetch GET 200 https://registry.npmjs.org/retext-latin/-/retext-latin-4.0.0.tgz 11616ms (cache miss)
1884 http fetch GET 200 https://registry.npmjs.org/retext/-/retext-9.0.0.tgz 12030ms (cache miss)
1885 http fetch GET 200 https://registry.npmjs.org/restore-cursor/-/restore-cursor-5.1.0.tgz 12030ms (cache miss)
1886 http fetch GET 200 https://registry.npmjs.org/resolve/-/resolve-1.22.12.tgz 12319ms (cache miss)
1887 http fetch GET 200 https://registry.npmjs.org/remark-parse/-/remark-parse-11.0.0.tgz 12406ms (cache miss)
1888 http fetch GET 200 https://registry.npmjs.org/require-directory/-/require-directory-2.1.1.tgz 12459ms (cache miss)
1889 http fetch GET 200 https://registry.npmjs.org/require-from-string/-/require-from-string-2.0.2.tgz 12479ms (cache miss)
1890 http fetch GET 200 https://registry.npmjs.org/rehype-stringify/-/rehype-stringify-10.0.1.tgz 12559ms (cache miss)
1891 http fetch GET 200 https://registry.npmjs.org/remark-smartypants/-/remark-smartypants-3.0.2.tgz 12626ms (cache miss)
1892 http fetch GET 200 https://registry.npmjs.org/remark-rehype/-/remark-rehype-11.1.2.tgz 12624ms (cache miss)
1893 http fetch GET 200 https://registry.npmjs.org/remark-gfm/-/remark-gfm-4.0.1.tgz 12704ms (cache miss)
1894 http fetch GET 200 https://registry.npmjs.org/rehype-raw/-/rehype-raw-7.0.0.tgz 12705ms (cache miss)
1895 http fetch GET 200 https://registry.npmjs.org/rehype/-/rehype-13.0.2.tgz 12718ms (cache miss)
1896 http fetch GET 200 https://registry.npmjs.org/vite/-/vite-5.4.21.tgz 12837ms (cache miss)
1897 http fetch GET 200 https://registry.npmjs.org/regex-utilities/-/regex-utilities-2.3.0.tgz 12978ms (cache miss)
1898 http fetch GET 200 https://registry.npmjs.org/prompts/-/prompts-2.4.2.tgz 13150ms (cache miss)
1899 http fetch GET 200 https://registry.npmjs.org/rehype-parse/-/rehype-parse-9.0.1.tgz 13204ms (cache miss)
1900 http fetch GET 200 https://registry.npmjs.org/read-cache/-/read-cache-1.0.0.tgz 13205ms (cache miss)
1901 http fetch GET 200 https://registry.npmjs.org/property-information/-/property-information-7.2.0.tgz 13319ms (cache miss)
1902 http fetch GET 200 https://registry.npmjs.org/queue-microtask/-/queue-microtask-1.2.3.tgz 13357ms (cache miss)
1903 http fetch GET 200 https://registry.npmjs.org/postcss-nested/-/postcss-nested-6.2.0.tgz 13548ms (cache miss)
1904 http fetch GET 200 https://registry.npmjs.org/preferred-pm/-/preferred-pm-4.1.1.tgz 13650ms (cache miss)
1905 http fetch GET 200 https://registry.npmjs.org/regex/-/regex-5.1.1.tgz 13667ms (cache miss)
1906 http fetch GET 200 https://registry.npmjs.org/readdirp/-/readdirp-3.6.0.tgz 13686ms (cache miss)
1907 http fetch GET 200 https://registry.npmjs.org/request-light/-/request-light-0.7.0.tgz 13711ms (cache miss)
1908 http fetch GET 200 https://registry.npmjs.org/postcss-js/-/postcss-js-4.1.0.tgz 13884ms (cache miss)
1909 http fetch GET 200 https://registry.npmjs.org/regex-recursion/-/regex-recursion-5.1.1.tgz 13921ms (cache miss)
1910 http fetch GET 200 https://registry.npmjs.org/sharp/-/sharp-0.33.5.tgz 14128ms (cache miss)
1911 http fetch GET 200 https://registry.npmjs.org/postcss-load-config/-/postcss-load-config-4.0.2.tgz 14175ms (cache miss)
1912 http fetch GET 200 https://registry.npmjs.org/postcss-import/-/postcss-import-15.1.0.tgz 14190ms (cache miss)
1913 http fetch GET 200 https://registry.npmjs.org/pify/-/pify-2.3.0.tgz 14233ms (cache miss)
1914 http fetch GET 200 https://registry.npmjs.org/postcss-value-parser/-/postcss-value-parser-4.2.0.tgz 14301ms (cache miss)
1915 http fetch GET 200 https://registry.npmjs.org/path-parse/-/path-parse-1.0.7.tgz 14425ms (cache miss)
1916 http fetch GET 200 https://registry.npmjs.org/picocolors/-/picocolors-1.1.1.tgz 14425ms (cache miss)
1917 http fetch GET 200 https://registry.npmjs.org/path-exists/-/path-exists-4.0.0.tgz 14470ms (cache miss)
1918 http fetch GET 200 https://registry.npmjs.org/pirates/-/pirates-4.0.7.tgz 14708ms (cache miss)
1919 http fetch GET 200 https://registry.npmjs.org/p-locate/-/p-locate-4.1.0.tgz 14782ms (cache miss)
1920 http fetch GET 200 https://registry.npmjs.org/p-try/-/p-try-2.2.0.tgz 14856ms (cache miss)
1921 http fetch GET 200 https://registry.npmjs.org/pkg-dir/-/pkg-dir-4.2.0.tgz 14884ms (cache miss)
1922 http fetch GET 200 https://registry.npmjs.org/postcss-selector-parser/-/postcss-selector-parser-6.0.10.tgz 14892ms (cache miss)
1923 http fetch GET 200 https://registry.npmjs.org/onetime/-/onetime-7.0.0.tgz 15071ms (cache miss)
1924 http fetch GET 200 https://registry.npmjs.org/p-timeout/-/p-timeout-6.1.4.tgz 15182ms (cache miss)
1925 http fetch GET 200 https://registry.npmjs.org/ora/-/ora-8.2.0.tgz 15385ms (cache miss)
1926 http fetch GET 200 https://registry.npmjs.org/normalize-path/-/normalize-path-3.0.0.tgz 15387ms (cache miss)
1927 http fetch GET 200 https://registry.npmjs.org/object-assign/-/object-assign-4.1.1.tgz 15505ms (cache miss)
1928 http fetch GET 200 https://registry.npmjs.org/p-limit/-/p-limit-6.2.0.tgz 15563ms (cache miss)
1929 http fetch GET 200 https://registry.npmjs.org/parse-latin/-/parse-latin-7.0.0.tgz 15609ms (cache miss)
1930 http fetch GET 200 https://registry.npmjs.org/parse5/-/parse5-7.3.0.tgz 15714ms (cache miss)
1931 http fetch GET 200 https://registry.npmjs.org/nlcst-to-string/-/nlcst-to-string-4.0.0.tgz 15818ms (cache miss)
1932 http fetch GET 200 https://registry.npmjs.org/p-queue/-/p-queue-8.1.1.tgz 16007ms (cache miss)
1933 http fetch GET 200 https://registry.npmjs.org/neotraverse/-/neotraverse-0.6.18.tgz 16028ms (cache miss)
1934 http fetch GET 200 https://registry.npmjs.org/nanoid/-/nanoid-3.3.12.tgz 16192ms (cache miss)
1935 http fetch GET 200 https://registry.npmjs.org/path-browserify/-/path-browserify-1.0.1.tgz 16255ms (cache miss)
1936 http fetch GET 200 https://registry.npmjs.org/shiki/-/shiki-1.29.2.tgz 16391ms (cache miss)
1937 http fetch GET 200 https://registry.npmjs.org/mrmime/-/mrmime-2.0.1.tgz 16386ms (cache miss)
1938 http fetch GET 200 https://registry.npmjs.org/ms/-/ms-2.1.3.tgz 16439ms (cache miss)
1939 http fetch GET 200 https://registry.npmjs.org/mz/-/mz-2.7.0.tgz 16543ms (cache miss)
1940 http fetch GET 200 https://registry.npmjs.org/muggle-string/-/muggle-string-0.4.1.tgz 16626ms (cache miss)
1941 http fetch GET 200 https://registry.npmjs.org/object-hash/-/object-hash-3.0.0.tgz 16644ms (cache miss)
1942 http fetch GET 200 https://registry.npmjs.org/mimic-function/-/mimic-function-5.0.1.tgz 16660ms (cache miss)
1943 http fetch GET 200 https://registry.npmjs.org/node-releases/-/node-releases-2.0.47.tgz 16681ms (cache miss)
1944 http fetch GET 200 https://registry.npmjs.org/micromark-util-types/-/micromark-util-types-2.0.2.tgz 16961ms (cache miss)
1945 http fetch GET 200 https://registry.npmjs.org/micromark-util-subtokenize/-/micromark-util-subtokenize-2.1.0.tgz 17005ms (cache miss)
1946 http fetch GET 200 https://registry.npmjs.org/micromatch/-/micromatch-4.0.8.tgz 17077ms (cache miss)
1947 http fetch GET 200 https://registry.npmjs.org/postcss/-/postcss-8.5.15.tgz 17106ms (cache miss)
1948 http fetch GET 200 https://registry.npmjs.org/micromark-util-sanitize-uri/-/micromark-util-sanitize-uri-2.0.1.tgz 17215ms (cache miss)
1949 http fetch GET 200 https://registry.npmjs.org/micromark-util-decode-string/-/micromark-util-decode-string-2.0.1.tgz 17276ms (cache miss)
1950 http fetch GET 200 https://registry.npmjs.org/micromark-util-resolve-all/-/micromark-util-resolve-all-2.0.1.tgz 17298ms (cache miss)
1951 http fetch GET 200 https://registry.npmjs.org/micromark-util-symbol/-/micromark-util-symbol-2.0.1.tgz 17366ms (cache miss)
1952 http fetch GET 200 https://registry.npmjs.org/picomatch/-/picomatch-4.0.4.tgz 17380ms (cache miss)
1953 http fetch GET 200 https://registry.npmjs.org/micromark-util-encode/-/micromark-util-encode-2.0.1.tgz 17441ms (cache miss)
1954 http fetch GET 200 https://registry.npmjs.org/micromark-util-html-tag-name/-/micromark-util-html-tag-name-2.0.1.tgz 17447ms (cache miss)
1955 http fetch GET 200 https://registry.npmjs.org/micromark-util-normalize-identifier/-/micromark-util-normalize-identifier-2.0.1.tgz 17459ms (cache miss)
1956 http fetch GET 200 https://registry.npmjs.org/micromark-util-combine-extensions/-/micromark-util-combine-extensions-2.0.1.tgz 17505ms (cache miss)
1957 http fetch GET 200 https://registry.npmjs.org/micromark-util-character/-/micromark-util-character-2.1.1.tgz 17588ms (cache miss)
1958 http fetch GET 200 https://registry.npmjs.org/micromark-util-chunked/-/micromark-util-chunked-2.0.1.tgz 17768ms (cache miss)
1959 http fetch GET 200 https://registry.npmjs.org/micromark-factory-whitespace/-/micromark-factory-whitespace-2.0.1.tgz 17800ms (cache miss)
1960 http fetch GET 200 https://registry.npmjs.org/micromark-extension-gfm-task-list-item/-/micromark-extension-gfm-task-list-item-2.1.0.tgz 17945ms (cache miss)
1961 http fetch GET 200 https://registry.npmjs.org/micromark-factory-destination/-/micromark-factory-destination-2.0.1.tgz 17976ms (cache miss)
1962 http fetch GET 200 https://registry.npmjs.org/micromark-factory-title/-/micromark-factory-title-2.0.1.tgz 17996ms (cache miss)
1963 http fetch GET 200 https://registry.npmjs.org/micromark-util-decode-numeric-character-reference/-/micromark-util-decode-numeric-character-reference-2.0.2.tgz 18036ms (cache miss)
1964 http fetch GET 200 https://registry.npmjs.org/micromark-extension-gfm-tagfilter/-/micromark-extension-gfm-tagfilter-2.0.0.tgz 18051ms (cache miss)
1965 http fetch GET 200 https://registry.npmjs.org/micromark-factory-space/-/micromark-factory-space-2.0.1.tgz 18051ms (cache miss)
1966 http fetch GET 200 https://registry.npmjs.org/prismjs/-/prismjs-1.30.0.tgz 18312ms (cache miss)
1967 http fetch GET 200 https://registry.npmjs.org/micromark-extension-gfm-table/-/micromark-extension-gfm-table-2.1.1.tgz 18422ms (cache miss)
1968 http fetch GET 200 https://registry.npmjs.org/micromark-util-classify-character/-/micromark-util-classify-character-2.0.1.tgz 18444ms (cache miss)
1969 http fetch GET 200 https://registry.npmjs.org/mdast-util-to-string/-/mdast-util-to-string-4.0.0.tgz 18440ms (cache miss)
1970 http fetch GET 200 https://registry.npmjs.org/micromark-extension-gfm/-/micromark-extension-gfm-3.0.0.tgz 18521ms (cache miss)
1971 http fetch GET 200 https://registry.npmjs.org/micromark-extension-gfm-autolink-literal/-/micromark-extension-gfm-autolink-literal-2.1.0.tgz 18594ms (cache miss)
1972 http fetch GET 200 https://registry.npmjs.org/merge2/-/merge2-1.4.1.tgz 18705ms (cache miss)
1973 http fetch GET 200 https://registry.npmjs.org/mdast-util-phrasing/-/mdast-util-phrasing-4.1.0.tgz 18707ms (cache miss)
1974 http fetch GET 200 https://registry.npmjs.org/micromark-extension-gfm-strikethrough/-/micromark-extension-gfm-strikethrough-2.1.0.tgz 18712ms (cache miss)
1975 http fetch GET 200 https://registry.npmjs.org/mdast-util-gfm-task-list-item/-/mdast-util-gfm-task-list-item-2.0.0.tgz 18781ms (cache miss)
1976 http fetch GET 200 https://registry.npmjs.org/micromark-factory-label/-/micromark-factory-label-2.0.1.tgz 18845ms (cache miss)
1977 http fetch GET 200 https://registry.npmjs.org/mdast-util-gfm-table/-/mdast-util-gfm-table-2.0.0.tgz 18917ms (cache miss)
1978 http fetch GET 200 https://registry.npmjs.org/mdast-util-gfm-strikethrough/-/mdast-util-gfm-strikethrough-2.0.0.tgz 19016ms (cache miss)
1979 http fetch GET 200 https://registry.npmjs.org/mdast-util-to-markdown/-/mdast-util-to-markdown-2.1.2.tgz 19065ms (cache miss)
1980 http fetch GET 200 https://registry.npmjs.org/micromark-extension-gfm-footnote/-/micromark-extension-gfm-footnote-2.1.0.tgz 19069ms (cache miss)
1981 http fetch GET 200 https://registry.npmjs.org/mdast-util-gfm-autolink-literal/-/mdast-util-gfm-autolink-literal-2.0.1.tgz 19245ms (cache miss)
1982 http fetch GET 200 https://registry.npmjs.org/mdast-util-gfm/-/mdast-util-gfm-3.1.0.tgz 19277ms (cache miss)
1983 http fetch GET 200 https://registry.npmjs.org/lru-cache/-/lru-cache-5.1.1.tgz 19500ms (cache miss)
1984 http fetch GET 200 https://registry.npmjs.org/locate-path/-/locate-path-5.0.0.tgz 19600ms (cache miss)
1985 http fetch GET 200 https://registry.npmjs.org/mdast-util-definitions/-/mdast-util-definitions-6.0.0.tgz 19638ms (cache miss)
1986 http fetch GET 200 https://registry.npmjs.org/sucrase/-/sucrase-3.35.1.tgz 19690ms (cache miss)
1987 http fetch GET 200 https://registry.npmjs.org/mdast-util-gfm-footnote/-/mdast-util-gfm-footnote-2.1.0.tgz 19666ms (cache miss)
1988 http fetch GET 200 https://registry.npmjs.org/mdast-util-from-markdown/-/mdast-util-from-markdown-2.0.3.tgz 19682ms (cache miss)
1989 http fetch GET 200 https://registry.npmjs.org/mdast-util-find-and-replace/-/mdast-util-find-and-replace-3.0.2.tgz 19714ms (cache miss)
1990 http fetch GET 200 https://registry.npmjs.org/markdown-table/-/markdown-table-3.0.4.tgz 19905ms (cache miss)
1991 http fetch GET 200 https://registry.npmjs.org/log-symbols/-/log-symbols-6.0.0.tgz 19943ms (cache miss)
1992 http fetch GET 200 https://registry.npmjs.org/micromark/-/micromark-4.0.2.tgz 19953ms (cache miss)
1993 http fetch GET 200 https://registry.npmjs.org/longest-streak/-/longest-streak-3.1.0.tgz 20003ms (cache miss)
1994 http fetch GET 200 https://registry.npmjs.org/kleur/-/kleur-4.1.5.tgz 20015ms (cache miss)
1995 http fetch GET 200 https://registry.npmjs.org/zod/-/zod-3.25.76.tgz 20108ms (cache miss)
1996 http fetch GET 200 https://registry.npmjs.org/lines-and-columns/-/lines-and-columns-1.2.4.tgz 20134ms (cache miss)
1997 http fetch GET 200 https://registry.npmjs.org/lilconfig/-/lilconfig-3.1.3.tgz 20244ms (cache miss)
1998 http fetch GET 200 https://registry.npmjs.org/magicast/-/magicast-0.3.5.tgz 20449ms (cache miss)
1999 http fetch GET 200 https://registry.npmjs.org/mdast-util-to-hast/-/mdast-util-to-hast-13.2.1.tgz 20471ms (cache miss)
2000 http fetch GET 200 https://registry.npmjs.org/kind-of/-/kind-of-6.0.3.tgz 20629ms (cache miss)
2001 http fetch GET 200 https://registry.npmjs.org/js-tokens/-/js-tokens-4.0.0.tgz 20635ms (cache miss)
2002 http fetch GET 200 https://registry.npmjs.org/json-schema-traverse/-/json-schema-traverse-1.0.0.tgz 20652ms (cache miss)
2003 http fetch GET 200 https://registry.npmjs.org/is-wsl/-/is-wsl-3.1.1.tgz 20693ms (cache miss)
2004 http fetch GET 200 https://registry.npmjs.org/load-yaml-file/-/load-yaml-file-0.2.0.tgz 20816ms (cache miss)
2005 http fetch GET 200 https://registry.npmjs.org/is-number/-/is-number-7.0.0.tgz 20820ms (cache miss)
2006 http fetch GET 200 https://registry.npmjs.org/jsonc-parser/-/jsonc-parser-2.3.1.tgz 20870ms (cache miss)
2007 http fetch GET 200 https://registry.npmjs.org/is-interactive/-/is-interactive-2.0.0.tgz 20889ms (cache miss)
2008 http fetch GET 200 https://registry.npmjs.org/is-inside-container/-/is-inside-container-1.0.0.tgz 20952ms (cache miss)
2009 http fetch GET 200 https://registry.npmjs.org/is-unicode-supported/-/is-unicode-supported-2.1.0.tgz 20972ms (cache miss)
2010 http fetch GET 200 https://registry.npmjs.org/is-docker/-/is-docker-3.0.0.tgz 21097ms (cache miss)
2011 http fetch GET 200 https://registry.npmjs.org/is-glob/-/is-glob-4.0.3.tgz 21195ms (cache miss)
2012 http fetch GET 200 https://registry.npmjs.org/is-plain-obj/-/is-plain-obj-4.1.0.tgz 21211ms (cache miss)
2013 http fetch GET 200 https://registry.npmjs.org/is-core-module/-/is-core-module-2.16.2.tgz 21337ms (cache miss)
2014 http fetch GET 200 https://registry.npmjs.org/jsesc/-/jsesc-3.1.0.tgz 21427ms (cache miss)
2015 http fetch GET 200 https://registry.npmjs.org/micromark-core-commonmark/-/micromark-core-commonmark-2.0.3.tgz 21444ms (cache miss)
2016 http fetch GET 200 https://registry.npmjs.org/is-extglob/-/is-extglob-2.1.1.tgz 21440ms (cache miss)
2017 http fetch GET 200 https://registry.npmjs.org/is-binary-path/-/is-binary-path-2.1.0.tgz 21625ms (cache miss)
2018 http fetch GET 200 https://registry.npmjs.org/is-extendable/-/is-extendable-0.1.1.tgz 21673ms (cache miss)
2019 http fetch GET 200 https://registry.npmjs.org/json5/-/json5-2.2.3.tgz 21726ms (cache miss)
2020 http fetch GET 200 https://registry.npmjs.org/hast-util-to-parse5/-/hast-util-to-parse5-8.0.1.tgz 21897ms (cache miss)
2021 http fetch GET 200 https://registry.npmjs.org/html-void-elements/-/html-void-elements-3.0.0.tgz 21966ms (cache miss)
2022 http fetch GET 200 https://registry.npmjs.org/is-arrayish/-/is-arrayish-0.3.4.tgz 22144ms (cache miss)
2023 http fetch GET 200 https://registry.npmjs.org/hast-util-whitespace/-/hast-util-whitespace-3.0.0.tgz 22265ms (cache miss)
2024 http fetch GET 200 https://registry.npmjs.org/import-meta-resolve/-/import-meta-resolve-4.2.0.tgz 22335ms (cache miss)
2025 http fetch GET 200 https://registry.npmjs.org/html-escaper/-/html-escaper-3.0.3.tgz 22351ms (cache miss)
2026 http fetch GET 200 https://registry.npmjs.org/hast-util-to-text/-/hast-util-to-text-4.0.2.tgz 22415ms (cache miss)
2027 http fetch GET 200 https://registry.npmjs.org/hast-util-is-element/-/hast-util-is-element-3.0.0.tgz 22463ms (cache miss)
2028 http fetch GET 200 https://registry.npmjs.org/magic-string/-/magic-string-0.30.21.tgz 22551ms (cache miss)
2029 http fetch GET 200 https://registry.npmjs.org/is-fullwidth-code-point/-/is-fullwidth-code-point-3.0.0.tgz 22554ms (cache miss)
2030 http fetch GET 200 https://registry.npmjs.org/hast-util-parse-selector/-/hast-util-parse-selector-4.0.0.tgz 22672ms (cache miss)
2031 http fetch GET 200 https://registry.npmjs.org/http-cache-semantics/-/http-cache-semantics-4.2.0.tgz 22893ms (cache miss)
2032 http fetch GET 200 https://registry.npmjs.org/get-caller-file/-/get-caller-file-2.0.5.tgz 23004ms (cache miss)
2033 http fetch GET 200 https://registry.npmjs.org/hasown/-/hasown-2.0.4.tgz 23030ms (cache miss)
2034 http fetch GET 200 https://registry.npmjs.org/hastscript/-/hastscript-9.0.1.tgz 23139ms (cache miss)
2035 http fetch GET 200 https://registry.npmjs.org/hast-util-raw/-/hast-util-raw-9.1.0.tgz 23148ms (cache miss)
2036 http fetch GET 200 https://registry.npmjs.org/hast-util-to-html/-/hast-util-to-html-9.0.5.tgz 23185ms (cache miss)
2037 http fetch GET 200 https://registry.npmjs.org/get-east-asian-width/-/get-east-asian-width-1.6.0.tgz 23199ms (cache miss)
2038 http fetch GET 200 https://registry.npmjs.org/find-up-simple/-/find-up-simple-1.0.1.tgz 23385ms (cache miss)
2039 http fetch GET 200 https://registry.npmjs.org/github-slugger/-/github-slugger-2.0.0.tgz 23398ms (cache miss)
2040 http fetch GET 200 https://registry.npmjs.org/glob-parent/-/glob-parent-5.1.2.tgz 23462ms (cache miss)
2041 http fetch GET 200 https://registry.npmjs.org/hast-util-from-html/-/hast-util-from-html-2.0.3.tgz 23486ms (cache miss)
2042 http fetch GET 200 https://registry.npmjs.org/find-up/-/find-up-4.1.0.tgz 23618ms (cache miss)
2043 http fetch GET 200 https://registry.npmjs.org/flattie/-/flattie-1.1.1.tgz 23643ms (cache miss)
2044 http fetch GET 200 https://registry.npmjs.org/fill-range/-/fill-range-7.1.1.tgz 23730ms (cache miss)
2045 http fetch GET 200 https://registry.npmjs.org/graceful-fs/-/graceful-fs-4.2.11.tgz 23743ms (cache miss)
2046 http fetch GET 200 https://registry.npmjs.org/hast-util-from-parse5/-/hast-util-from-parse5-8.0.3.tgz 23745ms (cache miss)
2047 http fetch GET 200 https://registry.npmjs.org/fastq/-/fastq-1.20.1.tgz 23876ms (cache miss)
2048 http fetch GET 200 https://registry.npmjs.org/gensync/-/gensync-1.0.0-beta.2.tgz 24034ms (cache miss)
2049 http fetch GET 200 https://registry.npmjs.org/oniguruma-to-es/-/oniguruma-to-es-2.3.0.tgz 24086ms (cache miss)
2050 http fetch GET 200 https://registry.npmjs.org/fast-glob/-/fast-glob-3.3.3.tgz 24058ms (cache miss)
2051 http fetch GET 200 https://registry.npmjs.org/fast-uri/-/fast-uri-3.1.2.tgz 24077ms (cache miss)
2052 http fetch GET 200 https://registry.npmjs.org/fraction.js/-/fraction.js-5.3.4.tgz 24105ms (cache miss)
2053 http fetch GET 200 https://registry.npmjs.org/find-yarn-workspace-root2/-/find-yarn-workspace-root2-1.2.16.tgz 24108ms (cache miss)
2054 http fetch GET 200 https://registry.npmjs.org/escalade/-/escalade-3.2.0.tgz 24142ms (cache miss)
2055 http fetch GET 200 https://registry.npmjs.org/fast-deep-equal/-/fast-deep-equal-3.1.3.tgz 24212ms (cache miss)
2056 http fetch GET 200 https://registry.npmjs.org/function-bind/-/function-bind-1.1.2.tgz 24254ms (cache miss)
2057 http fetch GET 200 https://registry.npmjs.org/extend-shallow/-/extend-shallow-2.0.1.tgz 24281ms (cache miss)
2058 http fetch GET 200 https://registry.npmjs.org/extend/-/extend-3.0.2.tgz 24472ms (cache miss)
2059 http fetch GET 200 https://registry.npmjs.org/escape-string-regexp/-/escape-string-regexp-5.0.0.tgz 24495ms (cache miss)
2060 http fetch GET 200 https://registry.npmjs.org/emoji-regex-xs/-/emoji-regex-xs-1.0.0.tgz 24532ms (cache miss)
2061 http fetch GET 200 https://registry.npmjs.org/estree-walker/-/estree-walker-3.0.3.tgz 24582ms (cache miss)
2062 http fetch GET 200 https://registry.npmjs.org/eventemitter3/-/eventemitter3-5.0.4.tgz 24700ms (cache miss)
2063 http fetch GET 200 https://registry.npmjs.org/didyoumean/-/didyoumean-1.2.2.tgz 24754ms (cache miss)
2064 http fetch GET 200 https://registry.npmjs.org/es-module-lexer/-/es-module-lexer-1.7.0.tgz 24942ms (cache miss)
2065 http fetch GET 200 https://registry.npmjs.org/es-errors/-/es-errors-1.3.0.tgz 24942ms (cache miss)
2066 http fetch GET 200 https://registry.npmjs.org/dlv/-/dlv-1.1.3.tgz 24985ms (cache miss)
2067 http fetch GET 200 https://registry.npmjs.org/devlop/-/devlop-1.1.0.tgz 25209ms (cache miss)
2068 http fetch GET 200 https://registry.npmjs.org/dequal/-/dequal-2.0.3.tgz 25320ms (cache miss)
2069 http fetch GET 200 https://registry.npmjs.org/deterministic-object-hash/-/deterministic-object-hash-2.0.2.tgz 25343ms (cache miss)
2070 http fetch GET 200 https://registry.npmjs.org/esbuild/-/esbuild-0.21.5.tgz 25358ms (cache miss)
2071 http fetch GET 200 https://registry.npmjs.org/esprima/-/esprima-4.0.1.tgz 25363ms (cache miss)
2072 http fetch GET 200 https://registry.npmjs.org/detect-libc/-/detect-libc-2.1.2.tgz 25484ms (cache miss)
2073 http fetch GET 200 https://registry.npmjs.org/decode-named-character-reference/-/decode-named-character-reference-1.3.0.tgz 25635ms (cache miss)
2074 http fetch GET 200 https://registry.npmjs.org/convert-source-map/-/convert-source-map-2.0.0.tgz 25719ms (cache miss)
2075 http fetch GET 200 https://registry.npmjs.org/emoji-regex/-/emoji-regex-10.6.0.tgz 25828ms (cache miss)
2076 http fetch GET 200 https://registry.npmjs.org/dset/-/dset-3.1.4.tgz 25830ms (cache miss)
2077 http fetch GET 200 https://registry.npmjs.org/common-ancestor-path/-/common-ancestor-path-1.0.1.tgz 25939ms (cache miss)
2078 http fetch GET 200 https://registry.npmjs.org/electron-to-chromium/-/electron-to-chromium-1.5.369.tgz 25980ms (cache miss)
2079 http fetch GET 200 https://registry.npmjs.org/devalue/-/devalue-5.8.1.tgz 26034ms (cache miss)
2080 http fetch GET 200 https://registry.npmjs.org/cssesc/-/cssesc-3.0.0.tgz 26150ms (cache miss)
2081 http fetch GET 200 https://registry.npmjs.org/color-name/-/color-name-1.1.4.tgz 26219ms (cache miss)
2082 http fetch GET 200 https://registry.npmjs.org/color-string/-/color-string-1.9.1.tgz 26280ms (cache miss)
2083 http fetch GET 200 https://registry.npmjs.org/cookie/-/cookie-0.7.2.tgz 26349ms (cache miss)
2084 http fetch GET 200 https://registry.npmjs.org/debug/-/debug-4.4.3.tgz 26416ms (cache miss)
2085 http fetch GET 200 https://registry.npmjs.org/comma-separated-tokens/-/comma-separated-tokens-2.0.3.tgz 26415ms (cache miss)
2086 http fetch GET 200 https://registry.npmjs.org/clsx/-/clsx-2.1.1.tgz 26612ms (cache miss)
2087 http fetch GET 200 https://registry.npmjs.org/cli-cursor/-/cli-cursor-5.0.0.tgz 26653ms (cache miss)
2088 http fetch GET 200 https://registry.npmjs.org/fdir/-/fdir-6.5.0.tgz 26677ms (cache miss)
2089 http fetch GET 200 https://registry.npmjs.org/color/-/color-4.2.3.tgz 26693ms (cache miss)
2090 http fetch GET 200 https://registry.npmjs.org/cli-boxes/-/cli-boxes-3.0.0.tgz 26731ms (cache miss)
2091 http fetch GET 200 https://registry.npmjs.org/cli-spinners/-/cli-spinners-2.9.2.tgz 26771ms (cache miss)
2092 http fetch GET 200 https://registry.npmjs.org/cliui/-/cliui-8.0.1.tgz 26901ms (cache miss)
2093 http fetch GET 200 https://registry.npmjs.org/color-convert/-/color-convert-2.0.1.tgz 27003ms (cache miss)
2094 http fetch GET 200 https://registry.npmjs.org/character-entities-legacy/-/character-entities-legacy-3.0.0.tgz 27232ms (cache miss)
2095 http fetch GET 200 https://registry.npmjs.org/chokidar/-/chokidar-3.6.0.tgz 27362ms (cache miss)
2096 http fetch GET 200 https://registry.npmjs.org/chalk/-/chalk-5.6.2.tgz 27363ms (cache miss)
2097 http fetch GET 200 https://registry.npmjs.org/camelcase-css/-/camelcase-css-2.0.1.tgz 27821ms (cache miss)
2098 http fetch GET 200 https://registry.npmjs.org/camelcase/-/camelcase-8.0.0.tgz 27844ms (cache miss)
2099 http fetch GET 200 https://registry.npmjs.org/character-entities-html4/-/character-entities-html4-2.1.0.tgz 28001ms (cache miss)
2100 http fetch GET 200 https://registry.npmjs.org/jiti/-/jiti-1.21.7.tgz 28113ms (cache miss)
2101 http fetch GET 200 https://registry.npmjs.org/browserslist/-/browserslist-4.28.2.tgz 28185ms (cache miss)
2102 http fetch GET 200 https://registry.npmjs.org/braces/-/braces-3.0.3.tgz 28284ms (cache miss)
2103 http fetch GET 200 https://registry.npmjs.org/binary-extensions/-/binary-extensions-2.3.0.tgz 28288ms (cache miss)
2104 http fetch GET 200 https://registry.npmjs.org/ccount/-/ccount-2.0.1.tgz 28300ms (cache miss)
2105 http fetch GET 200 https://registry.npmjs.org/bail/-/bail-2.0.2.tgz 28398ms (cache miss)
2106 http fetch GET 200 https://registry.npmjs.org/array-iterate/-/array-iterate-2.0.1.tgz 28646ms (cache miss)
2107 http fetch GET 200 https://registry.npmjs.org/ci-info/-/ci-info-4.4.0.tgz 28670ms (cache miss)
2108 http fetch GET 200 https://registry.npmjs.org/boxen/-/boxen-8.0.1.tgz 29135ms (cache miss)
2109 http fetch GET 200 https://registry.npmjs.org/character-entities/-/character-entities-2.0.2.tgz 29147ms (cache miss)
2110 http fetch GET 200 https://registry.npmjs.org/base-64/-/base-64-1.0.0.tgz 29161ms (cache miss)
2111 http fetch GET 200 https://registry.npmjs.org/any-promise/-/any-promise-1.3.0.tgz 29476ms (cache miss)
2112 http fetch GET 200 https://registry.npmjs.org/axobject-query/-/axobject-query-4.1.0.tgz 29599ms (cache miss)
2113 http fetch GET 200 https://registry.npmjs.org/aria-query/-/aria-query-5.3.2.tgz 29649ms (cache miss)
2114 http fetch GET 200 https://registry.npmjs.org/anymatch/-/anymatch-3.1.3.tgz 29781ms (cache miss)
2115 http fetch GET 200 https://registry.npmjs.org/ansi-styles/-/ansi-styles-6.2.3.tgz 29806ms (cache miss)
2116 http fetch GET 200 https://registry.npmjs.org/arg/-/arg-5.0.2.tgz 29992ms (cache miss)
2117 http fetch GET 200 https://registry.npmjs.org/@vscode/l10n/-/l10n-0.0.18.tgz 30023ms (cache miss)
2118 http fetch GET 200 https://registry.npmjs.org/ansi-regex/-/ansi-regex-6.2.2.tgz 30149ms (cache miss)
2119 http fetch GET 200 https://registry.npmjs.org/ansi-align/-/ansi-align-3.0.1.tgz 30290ms (cache miss)
2120 http fetch GET 200 https://registry.npmjs.org/autoprefixer/-/autoprefixer-10.5.0.tgz 30423ms (cache miss)
2121 http fetch GET 200 https://registry.npmjs.org/@vscode/emmet-helper/-/emmet-helper-2.11.0.tgz 30733ms (cache miss)
2122 http fetch GET 200 https://registry.npmjs.org/@volar/source-map/-/source-map-2.4.28.tgz 30856ms (cache miss)
2123 http fetch GET 200 https://registry.npmjs.org/diff/-/diff-5.2.2.tgz 31105ms (cache miss)
2124 http fetch GET 200 https://registry.npmjs.org/@volar/language-service/-/language-service-2.4.28.tgz 31251ms (cache miss)
2125 http fetch GET 200 https://registry.npmjs.org/@volar/language-core/-/language-core-2.4.28.tgz 31439ms (cache miss)
2126 http fetch GET 200 https://registry.npmjs.org/@volar/typescript/-/typescript-2.4.28.tgz 31497ms (cache miss)
2127 http fetch GET 200 https://registry.npmjs.org/@ungap/structured-clone/-/structured-clone-1.3.1.tgz 31535ms (cache miss)
2128 http fetch GET 200 https://registry.npmjs.org/@volar/kit/-/kit-2.4.28.tgz 31764ms (cache miss)
2129 http fetch GET 200 https://registry.npmjs.org/commander/-/commander-4.1.1.tgz 31817ms (cache miss)
2130 http fetch GET 200 https://registry.npmjs.org/@types/unist/-/unist-3.0.3.tgz 31843ms (cache miss)
2131 http fetch GET 200 https://registry.npmjs.org/argparse/-/argparse-2.0.1.tgz 31869ms (cache miss)
2132 http fetch GET 200 https://registry.npmjs.org/@types/nlcst/-/nlcst-2.0.3.tgz 32005ms (cache miss)
2133 http fetch GET 200 https://registry.npmjs.org/@types/estree/-/estree-1.0.9.tgz 32267ms (cache miss)
2134 http fetch GET 200 https://registry.npmjs.org/@types/hast/-/hast-3.0.4.tgz 32327ms (cache miss)
2135 http fetch GET 200 https://registry.npmjs.org/@types/ms/-/ms-2.1.0.tgz 32374ms (cache miss)
2136 http fetch GET 200 https://registry.npmjs.org/@types/mdast/-/mdast-4.0.4.tgz 32391ms (cache miss)
2137 http fetch GET 200 https://registry.npmjs.org/ajv-draft-04/-/ajv-draft-04-1.0.0.tgz 32676ms (cache miss)
2138 http fetch GET 200 https://registry.npmjs.org/@shikijs/types/-/types-1.29.2.tgz 32748ms (cache miss)
2139 http fetch GET 200 https://registry.npmjs.org/@types/cookie/-/cookie-0.6.0.tgz 33108ms (cache miss)
2140 http fetch GET 200 https://registry.npmjs.org/@types/babel__traverse/-/babel__traverse-7.28.0.tgz 33110ms (cache miss)
2141 http fetch GET 200 https://registry.npmjs.org/@types/babel__core/-/babel__core-7.20.5.tgz 33148ms (cache miss)
2142 http fetch GET 200 https://registry.npmjs.org/entities/-/entities-6.0.1.tgz 33222ms (cache miss)
2143 http fetch GET 200 https://registry.npmjs.org/@types/babel__template/-/babel__template-7.4.4.tgz 33417ms (cache miss)
2144 http fetch GET 200 https://registry.npmjs.org/@types/babel__generator/-/babel__generator-7.27.0.tgz 33584ms (cache miss)
2145 http fetch GET 200 https://registry.npmjs.org/@shikijs/vscode-textmate/-/vscode-textmate-10.0.2.tgz 33755ms (cache miss)
2146 http fetch GET 200 https://registry.npmjs.org/@types/debug/-/debug-4.1.13.tgz 33807ms (cache miss)
2147 http fetch GET 200 https://registry.npmjs.org/@shikijs/engine-javascript/-/engine-javascript-1.29.2.tgz 33920ms (cache miss)
2148 http fetch GET 200 https://registry.npmjs.org/@oslojs/encoding/-/encoding-1.1.0.tgz 34155ms (cache miss)
2149 http fetch GET 200 https://registry.npmjs.org/ajv/-/ajv-8.20.0.tgz 34182ms (cache miss)
2150 http fetch GET 200 https://registry.npmjs.org/acorn/-/acorn-8.16.0.tgz 34195ms (cache miss)
2151 http fetch GET 200 https://registry.npmjs.org/@nodelib/fs.stat/-/fs.stat-2.0.5.tgz 34450ms (cache miss)
2152 http fetch GET 200 https://registry.npmjs.org/@volar/language-server/-/language-server-2.4.28.tgz 34487ms (cache miss)
2153 http fetch GET 200 https://registry.npmjs.org/caniuse-lite/-/caniuse-lite-1.0.30001797.tgz 34628ms (cache miss)
2154 http fetch GET 200 https://registry.npmjs.org/@jridgewell/trace-mapping/-/trace-mapping-0.3.31.tgz 34657ms (cache miss)
2155 http fetch GET 200 https://registry.npmjs.org/baseline-browser-mapping/-/baseline-browser-mapping-2.10.34.tgz 34824ms (cache miss)
2156 http fetch GET 200 https://registry.npmjs.org/@nodelib/fs.walk/-/fs.walk-1.2.8.tgz 34889ms (cache miss)
2157 http fetch GET 200 https://registry.npmjs.org/@rollup/pluginutils/-/pluginutils-5.4.0.tgz 34912ms (cache miss)
2158 http fetch GET 200 https://registry.npmjs.org/@nodelib/fs.scandir/-/fs.scandir-2.1.5.tgz 34928ms (cache miss)
2159 http fetch GET 200 https://registry.npmjs.org/@jridgewell/remapping/-/remapping-2.3.5.tgz 35177ms (cache miss)
2160 http fetch GET 200 https://registry.npmjs.org/@jridgewell/sourcemap-codec/-/sourcemap-codec-1.5.5.tgz 35326ms (cache miss)
2161 http fetch GET 200 https://registry.npmjs.org/@emmetio/stream-reader-utils/-/stream-reader-utils-0.1.0.tgz 35583ms (cache miss)
2162 http fetch GET 200 https://registry.npmjs.org/@jridgewell/resolve-uri/-/resolve-uri-3.1.2.tgz 35785ms (cache miss)
2163 http fetch GET 200 https://registry.npmjs.org/@emmetio/stream-reader/-/stream-reader-2.2.0.tgz 36316ms (cache miss)
2164 http fetch GET 200 https://registry.npmjs.org/emmet/-/emmet-2.4.11.tgz 37181ms (cache miss)
2165 http fetch GET 200 https://registry.npmjs.org/@shikijs/core/-/core-1.29.2.tgz 37399ms (cache miss)
2166 http fetch GET 200 https://registry.npmjs.org/@emnapi/runtime/-/runtime-1.11.0.tgz 37497ms (cache miss)
2167 http fetch GET 200 https://registry.npmjs.org/@jridgewell/gen-mapping/-/gen-mapping-0.3.13.tgz 37820ms (cache miss)
2168 http fetch GET 200 https://registry.npmjs.org/@emmetio/css-abbreviation/-/css-abbreviation-2.1.8.tgz 38633ms (cache miss)
2169 http fetch GET 200 https://registry.npmjs.org/@emmetio/scanner/-/scanner-1.0.4.tgz 38790ms (cache miss)
2170 http fetch GET 200 https://registry.npmjs.org/@emmetio/html-matcher/-/html-matcher-1.3.0.tgz 39110ms (cache miss)
2171 http fetch GET 200 https://registry.npmjs.org/@babel/plugin-transform-react-jsx/-/plugin-transform-react-jsx-7.29.7.tgz 39408ms (cache miss)
2172 http fetch GET 200 https://registry.npmjs.org/@shikijs/themes/-/themes-1.29.2.tgz 39937ms (cache miss)
2173 http fetch GET 200 https://registry.npmjs.org/@babel/template/-/template-7.29.7.tgz 40049ms (cache miss)
2174 http fetch GET 200 https://registry.npmjs.org/@emmetio/abbreviation/-/abbreviation-2.3.3.tgz 40383ms (cache miss)
2175 http fetch GET 200 https://registry.npmjs.org/@babel/plugin-syntax-jsx/-/plugin-syntax-jsx-7.29.7.tgz 40423ms (cache miss)
2176 http fetch GET 200 https://registry.npmjs.org/@emmetio/css-parser/-/css-parser-0.4.1.tgz 40568ms (cache miss)
2177 http fetch GET 200 https://registry.npmjs.org/@babel/helper-validator-option/-/helper-validator-option-7.29.7.tgz 40786ms (cache miss)
2178 http fetch GET 200 https://registry.npmjs.org/@babel/helper-validator-identifier/-/helper-validator-identifier-7.29.7.tgz 42197ms (cache miss)
2179 http fetch GET 200 https://registry.npmjs.org/js-yaml/-/js-yaml-4.2.0.tgz 42966ms (cache miss)
2180 http fetch GET 200 https://registry.npmjs.org/@babel/helper-globals/-/helper-globals-7.29.7.tgz 43512ms (cache miss)
2181 http fetch GET 200 https://registry.npmjs.org/@babel/helper-plugin-utils/-/helper-plugin-utils-7.29.7.tgz 43523ms (cache miss)
2182 http fetch GET 200 https://registry.npmjs.org/@babel/traverse/-/traverse-7.29.7.tgz 44100ms (cache miss)
2183 http fetch GET 200 https://registry.npmjs.org/@astrojs/yaml2ts/-/yaml2ts-0.2.4.tgz 44653ms (cache miss)
2184 http fetch GET 200 https://registry.npmjs.org/@babel/helper-annotate-as-pure/-/helper-annotate-as-pure-7.29.7.tgz 45159ms (cache miss)
2185 http fetch GET 200 https://registry.npmjs.org/@babel/helper-module-imports/-/helper-module-imports-7.29.7.tgz 45539ms (cache miss)
2186 http fetch GET 200 https://registry.npmjs.org/@babel/helpers/-/helpers-7.29.7.tgz 46959ms (cache miss)
2187 http fetch GET 200 https://registry.npmjs.org/@astrojs/telemetry/-/telemetry-3.1.0.tgz 47523ms (cache miss)
2188 http fetch GET 200 https://registry.npmjs.org/@babel/helper-module-transforms/-/helper-module-transforms-7.29.7.tgz 48055ms (cache miss)
2189 http fetch GET 200 https://registry.npmjs.org/@babel/helper-compilation-targets/-/helper-compilation-targets-7.29.7.tgz 48118ms (cache miss)
2190 http fetch GET 200 https://registry.npmjs.org/@babel/helper-string-parser/-/helper-string-parser-7.29.7.tgz 48134ms (cache miss)
2191 http fetch GET 200 https://registry.npmjs.org/@babel/parser/-/parser-7.29.7.tgz 48497ms (cache miss)
2192 http fetch GET 200 https://registry.npmjs.org/@babel/code-frame/-/code-frame-7.29.7.tgz 48590ms (cache miss)
2193 http fetch GET 200 https://registry.npmjs.org/@astrojs/markdown-remark/-/markdown-remark-5.3.0.tgz 48811ms (cache miss)
2194 http fetch GET 200 https://registry.npmjs.org/@babel/core/-/core-7.29.7.tgz 48899ms (cache miss)
2195 http fetch GET 200 https://registry.npmjs.org/@babel/compat-data/-/compat-data-7.29.7.tgz 49029ms (cache miss)
2196 http fetch GET 200 https://registry.npmjs.org/@astrojs/prism/-/prism-3.1.0.tgz 49403ms (cache miss)
2197 http fetch GET 200 https://registry.npmjs.org/@babel/types/-/types-7.29.7.tgz 49446ms (cache miss)
2198 http fetch GET 200 https://registry.npmjs.org/@alloc/quick-lru/-/quick-lru-5.2.0.tgz 49572ms (cache miss)
2199 http fetch GET 200 https://registry.npmjs.org/@astrojs/internal-helpers/-/internal-helpers-0.4.1.tgz 49573ms (cache miss)
2200 http fetch GET 200 https://registry.npmjs.org/volar-service-prettier/-/volar-service-prettier-0.0.70.tgz 50127ms (cache miss)
2201 http fetch GET 200 https://registry.npmjs.org/@tailwindcss/typography/-/typography-0.5.20.tgz 50195ms (cache miss)
2202 http fetch GET 200 https://registry.npmjs.org/@astrojs/tailwind/-/tailwind-5.1.5.tgz 50497ms (cache miss)
2203 http fetch GET 200 https://registry.npmjs.org/@biomejs/biome/-/biome-1.7.3.tgz 50548ms (cache miss)
2204 http fetch GET 200 https://registry.npmjs.org/@astrojs/check/-/check-0.6.0.tgz 51798ms (cache miss)
2205 http fetch GET 200 https://registry.npmjs.org/@astrojs/vercel/-/vercel-7.8.2.tgz 51930ms (cache miss)
2206 http fetch GET 200 https://registry.npmjs.org/yallist/-/yallist-5.0.0.tgz 52897ms (cache miss)
2207 http fetch GET 200 https://registry.npmjs.org/@astrojs/language-server/-/language-server-2.16.10.tgz 54130ms (cache miss)
2208 http fetch GET 200 https://registry.npmjs.org/jose/-/jose-6.2.10.tgz 55568ms (cache miss)
2209 http fetch GET 200 https://registry.npmjs.org/estree-walker/-/estree-walker-2.0.2.tgz 55983ms (cache miss)
2210 http fetch GET 200 https://registry.npmjs.org/@shikijs/langs/-/langs-1.29.2.tgz 56485ms (cache miss)
2211 http fetch GET 200 https://registry.npmjs.org/@shikijs/engine-oniguruma/-/engine-oniguruma-1.29.2.tgz 56884ms (cache miss)
2212 http fetch GET 200 https://registry.npmjs.org/argparse/-/argparse-1.0.10.tgz 57267ms (cache miss)
2213 http fetch GET 200 https://registry.npmjs.org/@octokit/types/-/types-16.0.0.tgz 58019ms (cache miss)
2214 http fetch GET 200 https://registry.npmjs.org/strip-ansi/-/strip-ansi-6.0.1.tgz 58853ms (cache miss)
2215 http fetch GET 200 https://registry.npmjs.org/@octokit/types/-/types-16.0.0.tgz 59411ms (cache miss)
2216 http fetch GET 200 https://registry.npmjs.org/@rollup/rollup-win32-x64-gnu/-/rollup-win32-x64-gnu-4.61.1.tgz 59760ms (cache miss)
2217 http fetch GET 200 https://registry.npmjs.org/@rollup/rollup-win32-x64-msvc/-/rollup-win32-x64-msvc-4.61.1.tgz 59784ms (cache miss)
2218 http fetch GET 200 https://registry.npmjs.org/js-yaml/-/js-yaml-3.14.2.tgz 60086ms (cache miss)
2219 http fetch GET 200 https://registry.npmjs.org/string-width/-/string-width-4.2.3.tgz 60312ms (cache miss)
2220 http fetch GET 200 https://registry.npmjs.org/request-light/-/request-light-0.5.8.tgz 60408ms (cache miss)
2221 http fetch GET 200 https://registry.npmjs.org/@babel/generator/-/generator-7.29.7.tgz 60508ms (cache miss)
2222 http fetch GET 200 https://registry.npmjs.org/ansi-regex/-/ansi-regex-5.0.1.tgz 61126ms (cache miss)
2223 http fetch GET 200 https://registry.npmjs.org/emoji-regex/-/emoji-regex-8.0.0.tgz 61379ms (cache miss)
2224 http fetch GET 200 https://registry.npmjs.org/yaml/-/yaml-2.7.1.tgz 61521ms (cache miss)
2225 http fetch GET 200 https://registry.npmjs.org/vscode-languageserver-types/-/vscode-languageserver-types-3.17.5.tgz 62546ms (cache miss)
2226 http fetch GET 200 https://registry.npmjs.org/vscode-languageserver-types/-/vscode-languageserver-types-3.17.5.tgz 62699ms (cache miss)
2227 http fetch GET 200 https://registry.npmjs.org/picomatch/-/picomatch-2.3.2.tgz 63279ms (cache miss)
2228 http fetch GET 200 https://registry.npmjs.org/jsonc-parser/-/jsonc-parser-3.3.1.tgz 63401ms (cache miss)
2229 http fetch GET 200 https://registry.npmjs.org/p-limit/-/p-limit-2.3.0.tgz 63850ms (cache miss)
2230 http fetch GET 200 https://registry.npmjs.org/pify/-/pify-4.0.1.tgz 64255ms (cache miss)
2231 http fetch GET 200 https://registry.npmjs.org/postcss-selector-parser/-/postcss-selector-parser-6.1.2.tgz 64556ms (cache miss)
2232 http fetch GET 200 https://registry.npmjs.org/kleur/-/kleur-3.0.3.tgz 64773ms (cache miss)
2233 http fetch GET 200 https://registry.npmjs.org/vscode-jsonrpc/-/vscode-jsonrpc-8.2.0.tgz 65083ms (cache miss)
2234 http fetch GET 200 https://registry.npmjs.org/@types/node/-/node-26.2.0.tgz 65438ms (cache miss)
2235 http fetch GET 200 https://registry.npmjs.org/@octokit/openapi-types/-/openapi-types-27.0.0.tgz 65738ms (cache miss)
2236 http fetch GET 200 https://registry.npmjs.org/picomatch/-/picomatch-2.3.2.tgz 65753ms (cache miss)
2237 http fetch GET 200 https://registry.npmjs.org/is-unicode-supported/-/is-unicode-supported-1.3.0.tgz 65979ms (cache miss)
2238 http fetch GET 200 https://registry.npmjs.org/argparse/-/argparse-1.0.10.tgz 66022ms (cache miss)
2239 http fetch GET 200 https://registry.npmjs.org/js-yaml/-/js-yaml-3.14.2.tgz 66164ms (cache miss)
2240 http fetch GET 200 https://registry.npmjs.org/string-width/-/string-width-4.2.3.tgz 66252ms (cache miss)
2241 http fetch GET 200 https://registry.npmjs.org/wrap-ansi/-/wrap-ansi-7.0.0.tgz 66471ms (cache miss)
2242 http fetch GET 200 https://registry.npmjs.org/strip-ansi/-/strip-ansi-6.0.1.tgz 66524ms (cache miss)
2243 http fetch GET 200 https://registry.npmjs.org/emoji-regex/-/emoji-regex-8.0.0.tgz 66629ms (cache miss)
2244 http fetch GET 200 https://registry.npmjs.org/strip-ansi/-/strip-ansi-6.0.1.tgz 66674ms (cache miss)
2245 http fetch GET 200 https://registry.npmjs.org/ansi-styles/-/ansi-styles-4.3.0.tgz 66797ms (cache miss)
2246 http fetch GET 200 https://registry.npmjs.org/picomatch/-/picomatch-2.3.2.tgz 66863ms (cache miss)
2247 http fetch GET 200 https://registry.npmjs.org/ansi-regex/-/ansi-regex-5.0.1.tgz 67195ms (cache miss)
2248 http fetch GET 200 https://registry.npmjs.org/estree-walker/-/estree-walker-2.0.2.tgz 67217ms (cache miss)
2249 http fetch GET 200 https://registry.npmjs.org/semver/-/semver-6.3.1.tgz 67452ms (cache miss)
2250 http fetch GET 200 https://registry.npmjs.org/semver/-/semver-6.3.1.tgz 67810ms (cache miss)
2251 http fetch GET 200 https://registry.npmjs.org/ansi-regex/-/ansi-regex-5.0.1.tgz 68104ms (cache miss)
2252 http fetch GET 200 https://registry.npmjs.org/emoji-regex/-/emoji-regex-8.0.0.tgz 68132ms (cache miss)
2253 http fetch GET 200 https://registry.npmjs.org/@vercel/analytics/-/analytics-1.6.1.tgz 68231ms (cache miss)
2254 http fetch GET 200 https://registry.npmjs.org/string-width/-/string-width-4.2.3.tgz 68526ms (cache miss)
2255 http fetch GET 200 https://registry.npmjs.org/glob-parent/-/glob-parent-6.0.2.tgz 68564ms (cache miss)
2256 http fetch GET 200 https://registry.npmjs.org/fast-uri 68349ms (cache miss)
2257 silly packumentCache corgi:https://registry.npmjs.org/fast-uri set size:undefined disposed:false
2258 http fetch GET 200 https://registry.npmjs.org/js-yaml 68729ms (cache miss)
2259 silly packumentCache corgi:https://registry.npmjs.org/js-yaml set size:undefined disposed:false
2260 http fetch GET 200 https://registry.npmjs.org/vscode-languageserver-protocol/-/vscode-languageserver-protocol-3.17.5.tgz 69614ms (cache miss)
2261 http fetch GET 200 https://registry.npmjs.org/nanoid 69697ms (cache miss)
2262 silly packumentCache corgi:https://registry.npmjs.org/nanoid set size:undefined disposed:false
2263 http fetch GET 200 https://registry.npmjs.org/postcss-selector-parser/-/postcss-selector-parser-6.1.2.tgz 70008ms (cache miss)
2264 http fetch GET 200 https://registry.npmjs.org/sharp 71145ms (cache miss)
2265 silly packumentCache corgi:https://registry.npmjs.org/sharp set size:undefined disposed:false
2266 http fetch GET 200 https://registry.npmjs.org/postcss 71743ms (cache miss)
2267 silly packumentCache corgi:https://registry.npmjs.org/postcss set size:undefined disposed:false
2268 http fetch GET 200 https://registry.npmjs.org/yaml 71828ms (cache miss)
2269 silly packumentCache corgi:https://registry.npmjs.org/yaml set size:undefined disposed:false
2270 http fetch GET 200 https://registry.npmjs.org/esbuild 72433ms (cache miss)
2271 silly packumentCache corgi:https://registry.npmjs.org/esbuild set size:undefined disposed:false
2272 http fetch GET 200 https://registry.npmjs.org/@astrojs/compiler/-/compiler-2.13.1.tgz 76672ms (cache miss)
2273 http fetch GET 200 https://registry.npmjs.org/@astrojs%2fvercel 77948ms (cache miss)
2274 silly packumentCache corgi:https://registry.npmjs.org/@astrojs%2fvercel set size:undefined disposed:false
2275 http fetch GET 200 https://registry.npmjs.org/astro 79483ms (cache miss)
2276 silly packumentCache corgi:https://registry.npmjs.org/astro set size:undefined disposed:false
2277 http fetch GET 200 https://registry.npmjs.org/rollup/-/rollup-4.61.1.tgz 84621ms (cache miss)
2278 http fetch GET 200 https://registry.npmjs.org/@esbuild/win32-x64/-/win32-x64-0.21.5.tgz 85915ms (cache miss)
2279 http fetch GET 200 https://registry.npmjs.org/tailwindcss/-/tailwindcss-3.4.19.tgz 89090ms (cache miss)
2280 http fetch GET 200 https://registry.npmjs.org/vite 89053ms (cache miss)
2281 silly packumentCache corgi:https://registry.npmjs.org/vite set size:undefined disposed:false
2282 silly packumentCache corgi:https://registry.npmjs.org/@astrojs%2ftailwind cache-miss
2283 http fetch GET 200 https://registry.npmjs.org/@astrojs%2ftailwind 2465ms (cache miss)
2284 silly packumentCache corgi:https://registry.npmjs.org/@astrojs%2ftailwind set size:undefined disposed:false
2285 silly packumentCache corgi:https://registry.npmjs.org/ajv cache-miss
2286 http fetch GET 200 https://registry.npmjs.org/ajv 1405ms (cache miss)
2287 silly packumentCache corgi:https://registry.npmjs.org/ajv set size:undefined disposed:false
2288 silly packumentCache corgi:https://registry.npmjs.org/load-yaml-file cache-miss
2289 silly packumentCache corgi:https://registry.npmjs.org/gray-matter cache-miss
2290 http fetch GET 200 https://registry.npmjs.org/load-yaml-file 360ms (cache miss)
2291 silly packumentCache corgi:https://registry.npmjs.org/load-yaml-file set size:undefined disposed:false
2292 http fetch GET 200 https://registry.npmjs.org/gray-matter 985ms (cache miss)
2293 silly packumentCache corgi:https://registry.npmjs.org/gray-matter set size:undefined disposed:false
2294 silly packumentCache corgi:https://registry.npmjs.org/autoprefixer cache-miss
2295 silly packumentCache corgi:https://registry.npmjs.org/postcss-import cache-miss
2296 silly packumentCache corgi:https://registry.npmjs.org/postcss-js cache-miss
2297 silly packumentCache corgi:https://registry.npmjs.org/postcss-load-config cache-miss
2298 silly packumentCache corgi:https://registry.npmjs.org/postcss-nested cache-miss
2299 silly packumentCache corgi:https://registry.npmjs.org/tailwindcss cache-miss
2300 http fetch GET 200 https://registry.npmjs.org/@octokit/openapi-types/-/openapi-types-27.0.0.tgz 96635ms (cache miss)
2301 http fetch GET 200 https://registry.npmjs.org/postcss-import 1070ms (cache miss)
2302 silly packumentCache corgi:https://registry.npmjs.org/postcss-import set size:undefined disposed:false
2303 http fetch GET 200 https://registry.npmjs.org/postcss-nested 1114ms (cache miss)
2304 silly packumentCache corgi:https://registry.npmjs.org/postcss-nested set size:undefined disposed:false
2305 http fetch GET 200 https://registry.npmjs.org/postcss-js 1148ms (cache miss)
2306 silly packumentCache corgi:https://registry.npmjs.org/postcss-js set size:undefined disposed:false
2307 http fetch GET 200 https://registry.npmjs.org/postcss-load-config 1245ms (cache miss)
2308 silly packumentCache corgi:https://registry.npmjs.org/postcss-load-config set size:undefined disposed:false
2309 http fetch GET 200 https://registry.npmjs.org/autoprefixer 1649ms (cache miss)
2310 silly packumentCache corgi:https://registry.npmjs.org/autoprefixer set size:undefined disposed:false
2311 http fetch GET 200 https://registry.npmjs.org/prettier/-/prettier-3.8.3.tgz 99727ms (cache miss)
2312 http fetch GET 200 https://registry.npmjs.org/@img/sharp-win32-x64/-/sharp-win32-x64-0.33.5.tgz 111879ms (cache miss)
2313 http fetch GET 200 https://registry.npmjs.org/astro/-/astro-4.16.19.tgz 111873ms (cache miss)
2314 http fetch GET 200 https://registry.npmjs.org/typescript/-/typescript-5.9.3.tgz 122735ms (cache miss)
2315 http fetch GET 200 https://registry.npmjs.org/tailwindcss 37340ms (cache miss)
2316 silly packumentCache corgi:https://registry.npmjs.org/tailwindcss set size:undefined disposed:false
2317 silly packumentCache corgi:https://registry.npmjs.org/vitefu cache-miss
2318 http fetch GET 200 https://registry.npmjs.org/vitefu 421ms (cache miss)
2319 silly packumentCache corgi:https://registry.npmjs.org/vitefu set size:undefined disposed:false
2320 silly packumentCache corgi:https://registry.npmjs.org/yaml-language-server cache-miss
2321 http fetch GET 200 https://registry.npmjs.org/yaml-language-server 7359ms (cache miss)
2322 silly packumentCache corgi:https://registry.npmjs.org/yaml-language-server set size:undefined disposed:false
2323 silly packumentCache corgi:https://registry.npmjs.org/volar-service-yaml cache-miss
2324 http fetch GET 200 https://registry.npmjs.org/volar-service-yaml 901ms (cache miss)
2325 silly packumentCache corgi:https://registry.npmjs.org/volar-service-yaml set size:undefined disposed:false
2326 silly packumentCache corgi:https://registry.npmjs.org/@astrojs%2flanguage-server cache-miss
2327 http fetch GET 200 https://registry.npmjs.org/@astrojs%2flanguage-server 7530ms (cache miss)
2328 silly packumentCache corgi:https://registry.npmjs.org/@astrojs%2flanguage-server set size:undefined disposed:false
2329 silly packumentCache corgi:https://registry.npmjs.org/@astrojs%2fcheck cache-miss
2330 http fetch GET 200 https://registry.npmjs.org/@astrojs%2fcheck 1517ms (cache miss)
2331 silly packumentCache corgi:https://registry.npmjs.org/@astrojs%2fcheck set size:undefined disposed:false
2332 http fetch GET 200 https://registry.npmjs.org/@biomejs/cli-win32-x64/-/cli-win32-x64-1.7.3.tgz 262041ms (cache miss)
2333 info run sharp@0.33.5 install node_modules/sharp node install/check
2334 info run sharp@0.33.5 install { code: 0, signal: null }
2335 info run @biomejs/biome@1.7.3 postinstall node_modules/@biomejs/biome node scripts/postinstall.js
2336 info run esbuild@0.21.5 postinstall node_modules/esbuild node install.js
2337 info run @biomejs/biome@1.7.3 postinstall { code: 0, signal: null }
2338 info run esbuild@0.21.5 postinstall { code: 0, signal: null }
2339 silly ADD node_modules/webidl-conversions
2340 silly ADD node_modules/tr46
2341 silly ADD node_modules/minizlib
2342 silly ADD node_modules/minipass
2343 silly ADD node_modules/chownr
2344 silly ADD node_modules/@isaacs/fs-minipass
2345 silly ADD node_modules/abbrev
2346 silly ADD node_modules/whatwg-url
2347 silly ADD node_modules/concat-map
2348 silly ADD node_modules/balanced-match
2349 silly ADD node_modules/brace-expansion
2350 silly ADD node_modules/wrappy
2351 silly ADD node_modules/agent-base
2352 silly ADD node_modules/path-is-absolute
2353 silly ADD node_modules/once
2354 silly ADD node_modules/minimatch
2355 silly ADD node_modules/inherits
2356 silly ADD node_modules/inflight
2357 silly ADD node_modules/fs.realpath
2358 silly ADD node_modules/file-uri-to-path
2359 silly ADD node_modules/tar
2360 silly ADD node_modules/tar/node_modules/yallist
2361 silly ADD node_modules/nopt
2362 silly ADD node_modules/node-fetch
2363 silly ADD node_modules/https-proxy-agent
2364 silly ADD node_modules/consola
2365 silly ADD node_modules/resolve-from
2366 silly ADD node_modules/node-gyp-build
2367 silly ADD node_modules/glob
2368 silly ADD node_modules/bindings
2369 silly ADD node_modules/async-sema
2370 silly ADD node_modules/acorn-import-attributes
2371 silly ADD node_modules/@mapbox/node-pre-gyp
2372 silly ADD node_modules/undici-types
2373 silly ADD node_modules/@octokit/openapi-types
2374 silly ADD node_modules/json-with-bigint
2375 silly ADD node_modules/content-type
2376 silly ADD node_modules/@octokit/endpoint
2377 silly ADD node_modules/universal-user-agent
2378 silly ADD node_modules/before-after-hook
2379 silly ADD node_modules/@octokit/types
2380 silly ADD node_modules/@octokit/request-error
2381 silly ADD node_modules/@octokit/request
2382 silly ADD node_modules/@octokit/graphql
2383 silly ADD node_modules/@octokit/auth-token
2384 silly ADD node_modules/@octokit/plugin-rest-endpoint-methods
2385 silly ADD node_modules/@octokit/plugin-rest-endpoint-methods/node_modules/@octokit/openapi-types
2386 silly ADD node_modules/@octokit/plugin-rest-endpoint-methods/node_modules/@octokit/types
2387 silly ADD node_modules/@octokit/plugin-request-log
2388 silly ADD node_modules/@octokit/plugin-paginate-rest
2389 silly ADD node_modules/@octokit/plugin-paginate-rest/node_modules/@octokit/openapi-types
2390 silly ADD node_modules/@octokit/plugin-paginate-rest/node_modules/@octokit/types
2391 silly ADD node_modules/@octokit/core
2392 silly ADD node_modules/web-vitals
2393 silly ADD node_modules/@vercel/nft
2394 silly ADD node_modules/@vercel/nft/node_modules/estree-walker
2395 silly ADD node_modules/@vercel/edge
2396 silly ADD node_modules/gray-matter
2397 silly ADD node_modules/gray-matter/node_modules/js-yaml
2398 silly ADD node_modules/gray-matter/node_modules/argparse
2399 silly ADD node_modules/@octokit/rest
2400 silly ADD node_modules/zwitch
2401 silly ADD node_modules/zod-to-ts
2402 silly ADD node_modules/zod-to-json-schema
2403 silly ADD node_modules/zod
2404 silly ADD node_modules/yocto-queue
2405 silly ADD node_modules/yargs-parser
2406 silly ADD node_modules/yargs
2407 silly ADD node_modules/yargs/node_modules/strip-ansi
2408 silly ADD node_modules/yargs/node_modules/string-width
2409 silly ADD node_modules/yargs/node_modules/emoji-regex
2410 silly ADD node_modules/yargs/node_modules/ansi-regex
2411 silly ADD node_modules/yaml-language-server
2412 silly ADD node_modules/yaml-language-server/node_modules/yaml
2413 silly ADD node_modules/yaml-language-server/node_modules/request-light
2414 silly ADD node_modules/yaml
2415 silly ADD node_modules/yallist
2416 silly ADD node_modules/y18n
2417 silly ADD node_modules/xxhash-wasm
2418 silly ADD node_modules/wrap-ansi
2419 silly ADD node_modules/widest-line
2420 silly ADD node_modules/which-pm-runs
2421 silly ADD node_modules/which-pm
2422 silly ADD node_modules/web-namespaces
2423 silly ADD node_modules/vscode-uri
2424 silly ADD node_modules/vscode-nls
2425 silly ADD node_modules/vscode-languageserver-types
2426 silly ADD node_modules/vscode-languageserver-textdocument
2427 silly ADD node_modules/vscode-languageserver-protocol
2428 silly ADD node_modules/vscode-languageserver
2429 silly ADD node_modules/vscode-languageserver/node_modules/vscode-languageserver-types
2430 silly ADD node_modules/vscode-languageserver/node_modules/vscode-languageserver-protocol
2431 silly ADD node_modules/vscode-languageserver/node_modules/vscode-jsonrpc
2432 silly ADD node_modules/vscode-jsonrpc
2433 silly ADD node_modules/vscode-json-languageservice
2434 silly ADD node_modules/vscode-json-languageservice/node_modules/jsonc-parser
2435 silly ADD node_modules/vscode-html-languageservice
2436 silly ADD node_modules/vscode-css-languageservice
2437 silly ADD node_modules/vscode-css-languageservice/node_modules/vscode-languageserver-types
2438 silly ADD node_modules/volar-service-yaml
2439 silly ADD node_modules/volar-service-typescript-twoslash-queries
2440 silly ADD node_modules/volar-service-typescript
2441 silly ADD node_modules/volar-service-html
2442 silly ADD node_modules/volar-service-emmet
2443 silly ADD node_modules/volar-service-css
2444 silly ADD node_modules/vitefu
2445 silly ADD node_modules/vite
2446 silly ADD node_modules/vfile-message
2447 silly ADD node_modules/vfile-location
2448 silly ADD node_modules/vfile
2449 silly ADD node_modules/util-deprecate
2450 silly ADD node_modules/update-browserslist-db
2451 silly ADD node_modules/unist-util-visit-parents
2452 silly ADD node_modules/unist-util-visit-children
2453 silly ADD node_modules/unist-util-visit
2454 silly ADD node_modules/unist-util-stringify-position
2455 silly ADD node_modules/unist-util-remove-position
2456 silly ADD node_modules/unist-util-position
2457 silly ADD node_modules/unist-util-modify-children
2458 silly ADD node_modules/unist-util-is
2459 silly ADD node_modules/unist-util-find-after
2460 silly ADD node_modules/unified
2461 silly ADD node_modules/typescript-auto-import-cache
2462 silly ADD node_modules/typesafe-path
2463 silly ADD node_modules/type-fest
2464 silly ADD
2465 silly ADD node_modules/tsconfck
2466 silly ADD node_modules/ts-interface-checker
2467 silly ADD node_modules/trough
2468 silly ADD node_modules/trim-lines
2469 silly ADD node_modules/to-regex-range
2470 silly ADD node_modules/tinyglobby
2471 silly ADD node_modules/tinyexec
2472 silly ADD node_modules/thenify-all
2473 silly ADD node_modules/thenify
2474 silly ADD node_modules/supports-preserve-symlinks-flag
2475 silly ADD node_modules/sucrase
2476 silly ADD node_modules/strip-bom-string
2477 silly ADD node_modules/strip-bom
2478 silly ADD node_modules/strip-ansi
2479 silly ADD node_modules/stringify-entities
2480 silly ADD node_modules/string-width
2481 silly ADD node_modules/stdin-discarder
2482 silly ADD node_modules/sprintf-js
2483 silly ADD node_modules/space-separated-tokens
2484 silly ADD node_modules/source-map-js
2485 silly ADD node_modules/sisteransi
2486 silly ADD node_modules/simple-swizzle
2487 silly ADD node_modules/signal-exit
2488 silly ADD node_modules/shiki
2489 silly ADD node_modules/sharp
2490 silly ADD node_modules/semver
2491 silly ADD node_modules/section-matter
2492 silly ADD node_modules/run-parallel
2493 silly ADD node_modules/rollup
2494 silly ADD node_modules/reusify
2495 silly ADD node_modules/retext-stringify
2496 silly ADD node_modules/retext-smartypants
2497 silly ADD node_modules/retext-latin
2498 silly ADD node_modules/retext
2499 silly ADD node_modules/restore-cursor
2500 silly ADD node_modules/resolve
2501 silly ADD node_modules/require-from-string
2502 silly ADD node_modules/require-directory
2503 silly ADD node_modules/request-light
2504 silly ADD node_modules/remark-stringify
2505 silly ADD node_modules/remark-smartypants
2506 silly ADD node_modules/remark-rehype
2507 silly ADD node_modules/remark-parse
2508 silly ADD node_modules/remark-gfm
2509 silly ADD node_modules/rehype-stringify
2510 silly ADD node_modules/rehype-raw
2511 silly ADD node_modules/rehype-parse
2512 silly ADD node_modules/rehype
2513 silly ADD node_modules/regex-utilities
2514 silly ADD node_modules/regex-recursion
2515 silly ADD node_modules/regex
2516 silly ADD node_modules/readdirp
2517 silly ADD node_modules/readdirp/node_modules/picomatch
2518 silly ADD node_modules/read-cache
2519 silly ADD node_modules/queue-microtask
2520 silly ADD node_modules/property-information
2521 silly ADD node_modules/prompts
2522 silly ADD node_modules/prompts/node_modules/kleur
2523 silly ADD node_modules/prismjs
2524 silly ADD node_modules/preferred-pm
2525 silly ADD node_modules/postcss-value-parser
2526 silly ADD node_modules/postcss-selector-parser
2527 silly ADD node_modules/postcss-nested
2528 silly ADD node_modules/postcss-nested/node_modules/postcss-selector-parser
2529 silly ADD node_modules/postcss-load-config
2530 silly ADD node_modules/postcss-js
2531 silly ADD node_modules/postcss-import
2532 silly ADD node_modules/postcss
2533 silly ADD node_modules/pkg-dir
2534 silly ADD node_modules/pirates
2535 silly ADD node_modules/pify
2536 silly ADD node_modules/picomatch
2537 silly ADD node_modules/picocolors
2538 silly ADD node_modules/path-parse
2539 silly ADD node_modules/path-exists
2540 silly ADD node_modules/path-browserify
2541 silly ADD node_modules/parse5
2542 silly ADD node_modules/parse-latin
2543 silly ADD node_modules/p-try
2544 silly ADD node_modules/p-timeout
2545 silly ADD node_modules/p-queue
2546 silly ADD node_modules/p-locate
2547 silly ADD node_modules/p-locate/node_modules/p-limit
2548 silly ADD node_modules/p-limit
2549 silly ADD node_modules/ora
2550 silly ADD node_modules/oniguruma-to-es
2551 silly ADD node_modules/onetime
2552 silly ADD node_modules/object-hash
2553 silly ADD node_modules/object-assign
2554 silly ADD node_modules/normalize-path
2555 silly ADD node_modules/node-releases
2556 silly ADD node_modules/nlcst-to-string
2557 silly ADD node_modules/neotraverse
2558 silly ADD node_modules/nanoid
2559 silly ADD node_modules/mz
2560 silly ADD node_modules/muggle-string
2561 silly ADD node_modules/ms
2562 silly ADD node_modules/mrmime
2563 silly ADD node_modules/mimic-function
2564 silly ADD node_modules/micromatch
2565 silly ADD node_modules/micromatch/node_modules/picomatch
2566 silly ADD node_modules/micromark-util-types
2567 silly ADD node_modules/micromark-util-symbol
2568 silly ADD node_modules/micromark-util-subtokenize
2569 silly ADD node_modules/micromark-util-sanitize-uri
2570 silly ADD node_modules/micromark-util-resolve-all
2571 silly ADD node_modules/micromark-util-normalize-identifier
2572 silly ADD node_modules/micromark-util-html-tag-name
2573 silly ADD node_modules/micromark-util-encode
2574 silly ADD node_modules/micromark-util-decode-string
2575 silly ADD node_modules/micromark-util-decode-numeric-character-reference
2576 silly ADD node_modules/micromark-util-combine-extensions
2577 silly ADD node_modules/micromark-util-classify-character
2578 silly ADD node_modules/micromark-util-chunked
2579 silly ADD node_modules/micromark-util-character
2580 silly ADD node_modules/micromark-factory-whitespace
2581 silly ADD node_modules/micromark-factory-title
2582 silly ADD node_modules/micromark-factory-space
2583 silly ADD node_modules/micromark-factory-label
2584 silly ADD node_modules/micromark-factory-destination
2585 silly ADD node_modules/micromark-extension-gfm-task-list-item
2586 silly ADD node_modules/micromark-extension-gfm-tagfilter
2587 silly ADD node_modules/micromark-extension-gfm-table
2588 silly ADD node_modules/micromark-extension-gfm-strikethrough
2589 silly ADD node_modules/micromark-extension-gfm-footnote
2590 silly ADD node_modules/micromark-extension-gfm-autolink-literal
2591 silly ADD node_modules/micromark-extension-gfm
2592 silly ADD node_modules/micromark-core-commonmark
2593 silly ADD node_modules/micromark
2594 silly ADD node_modules/merge2
2595 silly ADD node_modules/mdast-util-to-string
2596 silly ADD node_modules/mdast-util-to-markdown
2597 silly ADD node_modules/mdast-util-to-hast
2598 silly ADD node_modules/mdast-util-phrasing
2599 silly ADD node_modules/mdast-util-gfm-task-list-item
2600 silly ADD node_modules/mdast-util-gfm-table
2601 silly ADD node_modules/mdast-util-gfm-strikethrough
2602 silly ADD node_modules/mdast-util-gfm-footnote
2603 silly ADD node_modules/mdast-util-gfm-autolink-literal
2604 silly ADD node_modules/mdast-util-gfm
2605 silly ADD node_modules/mdast-util-from-markdown
2606 silly ADD node_modules/mdast-util-find-and-replace
2607 silly ADD node_modules/mdast-util-definitions
2608 silly ADD node_modules/markdown-table
2609 silly ADD node_modules/magicast
2610 silly ADD node_modules/magic-string
2611 silly ADD node_modules/lru-cache
2612 silly ADD node_modules/longest-streak
2613 silly ADD node_modules/log-symbols
2614 silly ADD node_modules/log-symbols/node_modules/is-unicode-supported
2615 silly ADD node_modules/locate-path
2616 silly ADD node_modules/load-yaml-file
2617 silly ADD node_modules/load-yaml-file/node_modules/pify
2618 silly ADD node_modules/load-yaml-file/node_modules/js-yaml
2619 silly ADD node_modules/load-yaml-file/node_modules/argparse
2620 silly ADD node_modules/lines-and-columns
2621 silly ADD node_modules/lilconfig
2622 silly ADD node_modules/kleur
2623 silly ADD node_modules/kind-of
2624 silly ADD node_modules/jsonc-parser
2625 silly ADD node_modules/json5
2626 silly ADD node_modules/json-schema-traverse
2627 silly ADD node_modules/jsesc
2628 silly ADD node_modules/js-yaml
2629 silly ADD node_modules/js-tokens
2630 silly ADD node_modules/jiti
2631 silly ADD node_modules/is-wsl
2632 silly ADD node_modules/is-unicode-supported
2633 silly ADD node_modules/is-plain-obj
2634 silly ADD node_modules/is-number
2635 silly ADD node_modules/is-interactive
2636 silly ADD node_modules/is-inside-container
2637 silly ADD node_modules/is-glob
2638 silly ADD node_modules/is-fullwidth-code-point
2639 silly ADD node_modules/is-extglob
2640 silly ADD node_modules/is-extendable
2641 silly ADD node_modules/is-docker
2642 silly ADD node_modules/is-core-module
2643 silly ADD node_modules/is-binary-path
2644 silly ADD node_modules/is-arrayish
2645 silly ADD node_modules/import-meta-resolve
2646 silly ADD node_modules/http-cache-semantics
2647 silly ADD node_modules/html-void-elements
2648 silly ADD node_modules/html-escaper
2649 silly ADD node_modules/hastscript
2650 silly ADD node_modules/hast-util-whitespace
2651 silly ADD node_modules/hast-util-to-text
2652 silly ADD node_modules/hast-util-to-parse5
2653 silly ADD node_modules/hast-util-to-html
2654 silly ADD node_modules/hast-util-raw
2655 silly ADD node_modules/hast-util-parse-selector
2656 silly ADD node_modules/hast-util-is-element
2657 silly ADD node_modules/hast-util-from-parse5
2658 silly ADD node_modules/hast-util-from-html
2659 silly ADD node_modules/hasown
2660 silly ADD node_modules/graceful-fs
2661 silly ADD node_modules/glob-parent
2662 silly ADD node_modules/github-slugger
2663 silly ADD node_modules/get-east-asian-width
2664 silly ADD node_modules/get-caller-file
2665 silly ADD node_modules/gensync
2666 silly ADD node_modules/function-bind
2667 silly ADD
2668 silly ADD node_modules/fraction.js
2669 silly ADD node_modules/flattie
2670 silly ADD node_modules/find-yarn-workspace-root2
2671 silly ADD node_modules/find-up-simple
2672 silly ADD node_modules/find-up
2673 silly ADD node_modules/fill-range
2674 silly ADD node_modules/fdir
2675 silly ADD node_modules/fastq
2676 silly ADD node_modules/fast-uri
2677 silly ADD node_modules/fast-glob
2678 silly ADD node_modules/fast-deep-equal
2679 silly ADD node_modules/extend-shallow
2680 silly ADD node_modules/extend
2681 silly ADD node_modules/eventemitter3
2682 silly ADD node_modules/estree-walker
2683 silly ADD node_modules/esprima
2684 silly ADD node_modules/escape-string-regexp
2685 silly ADD node_modules/escalade
2686 silly ADD node_modules/esbuild
2687 silly ADD node_modules/es-module-lexer
2688 silly ADD node_modules/es-errors
2689 silly ADD node_modules/entities
2690 silly ADD node_modules/emoji-regex-xs
2691 silly ADD node_modules/emoji-regex
2692 silly ADD node_modules/emmet
2693 silly ADD node_modules/electron-to-chromium
2694 silly ADD node_modules/dset
2695 silly ADD node_modules/dlv
2696 silly ADD node_modules/diff
2697 silly ADD node_modules/didyoumean
2698 silly ADD node_modules/devlop
2699 silly ADD node_modules/devalue
2700 silly ADD node_modules/deterministic-object-hash
2701 silly ADD node_modules/detect-libc
2702 silly ADD node_modules/dequal
2703 silly ADD node_modules/decode-named-character-reference
2704 silly ADD node_modules/debug
2705 silly ADD node_modules/cssesc
2706 silly ADD node_modules/cookie
2707 silly ADD node_modules/convert-source-map
2708 silly ADD node_modules/common-ancestor-path
2709 silly ADD node_modules/commander
2710 silly ADD node_modules/comma-separated-tokens
2711 silly ADD node_modules/color-string
2712 silly ADD node_modules/color-name
2713 silly ADD node_modules/color-convert
2714 silly ADD node_modules/color
2715 silly ADD node_modules/clsx
2716 silly ADD node_modules/cliui
2717 silly ADD node_modules/cliui/node_modules/wrap-ansi
2718 silly ADD node_modules/cliui/node_modules/strip-ansi
2719 silly ADD node_modules/cliui/node_modules/string-width
2720 silly ADD node_modules/cliui/node_modules/emoji-regex
2721 silly ADD node_modules/cliui/node_modules/ansi-styles
2722 silly ADD node_modules/cliui/node_modules/ansi-regex
2723 silly ADD node_modules/cli-spinners
2724 silly ADD node_modules/cli-cursor
2725 silly ADD node_modules/cli-boxes
2726 silly ADD node_modules/ci-info
2727 silly ADD node_modules/chokidar
2728 silly ADD node_modules/character-entities-legacy
2729 silly ADD node_modules/character-entities-html4
2730 silly ADD node_modules/character-entities
2731 silly ADD node_modules/chalk
2732 silly ADD node_modules/ccount
2733 silly ADD node_modules/caniuse-lite
2734 silly ADD node_modules/camelcase-css
2735 silly ADD node_modules/camelcase
2736 silly ADD node_modules/browserslist
2737 silly ADD node_modules/braces
2738 silly ADD node_modules/boxen
2739 silly ADD node_modules/binary-extensions
2740 silly ADD node_modules/baseline-browser-mapping
2741 silly ADD node_modules/base-64
2742 silly ADD node_modules/bail
2743 silly ADD node_modules/axobject-query
2744 silly ADD node_modules/autoprefixer
2745 silly ADD node_modules/array-iterate
2746 silly ADD node_modules/aria-query
2747 silly ADD node_modules/argparse
2748 silly ADD node_modules/arg
2749 silly ADD node_modules/anymatch
2750 silly ADD node_modules/anymatch/node_modules/picomatch
2751 silly ADD node_modules/any-promise
2752 silly ADD node_modules/ansi-styles
2753 silly ADD node_modules/ansi-regex
2754 silly ADD node_modules/ansi-align
2755 silly ADD node_modules/ansi-align/node_modules/strip-ansi
2756 silly ADD node_modules/ansi-align/node_modules/string-width
2757 silly ADD node_modules/ansi-align/node_modules/emoji-regex
2758 silly ADD node_modules/ansi-align/node_modules/ansi-regex
2759 silly ADD node_modules/ajv-draft-04
2760 silly ADD node_modules/ajv
2761 silly ADD node_modules/acorn
2762 silly ADD node_modules/@vscode/l10n
2763 silly ADD node_modules/@vscode/emmet-helper
2764 silly ADD node_modules/@volar/typescript
2765 silly ADD node_modules/@volar/source-map
2766 silly ADD node_modules/@volar/language-service
2767 silly ADD node_modules/@volar/language-server
2768 silly ADD node_modules/@volar/language-core
2769 silly ADD node_modules/@volar/kit
2770 silly ADD node_modules/@ungap/structured-clone
2771 silly ADD node_modules/@types/unist
2772 silly ADD node_modules/@types/nlcst
2773 silly ADD node_modules/@types/ms
2774 silly ADD node_modules/@types/mdast
2775 silly ADD node_modules/@types/hast
2776 silly ADD node_modules/@types/estree
2777 silly ADD node_modules/@types/debug
2778 silly ADD node_modules/@types/cookie
2779 silly ADD node_modules/@types/babel__traverse
2780 silly ADD node_modules/@types/babel__template
2781 silly ADD node_modules/@types/babel__generator
2782 silly ADD node_modules/@types/babel__core
2783 silly ADD node_modules/@shikijs/vscode-textmate
2784 silly ADD node_modules/@shikijs/types
2785 silly ADD node_modules/@shikijs/themes
2786 silly ADD node_modules/@shikijs/langs
2787 silly ADD node_modules/@shikijs/engine-oniguruma
2788 silly ADD node_modules/@shikijs/engine-javascript
2789 silly ADD node_modules/@shikijs/core
2790 silly ADD node_modules/@rollup/rollup-win32-x64-msvc
2791 silly ADD node_modules/@rollup/rollup-win32-x64-gnu
2792 silly ADD
2793 silly ADD
2794 silly ADD
2795 silly ADD
2796 silly ADD
2797 silly ADD
2798 silly ADD
2799 silly ADD
2800 silly ADD
2801 silly ADD
2802 silly ADD
2803 silly ADD
2804 silly ADD
2805 silly ADD
2806 silly ADD
2807 silly ADD
2808 silly ADD
2809 silly ADD
2810 silly ADD
2811 silly ADD
2812 silly ADD
2813 silly ADD
2814 silly ADD
2815 silly ADD node_modules/@rollup/pluginutils
2816 silly ADD node_modules/@rollup/pluginutils/node_modules/estree-walker
2817 silly ADD node_modules/@oslojs/encoding
2818 silly ADD node_modules/@nodelib/fs.walk
2819 silly ADD node_modules/@nodelib/fs.stat
2820 silly ADD node_modules/@nodelib/fs.scandir
2821 silly ADD node_modules/@jridgewell/trace-mapping
2822 silly ADD node_modules/@jridgewell/sourcemap-codec
2823 silly ADD node_modules/@jridgewell/resolve-uri
2824 silly ADD node_modules/@jridgewell/remapping
2825 silly ADD node_modules/@jridgewell/gen-mapping
2826 silly ADD node_modules/@img/sharp-win32-x64
2827 silly ADD
2828 silly ADD
2829 silly ADD
2830 silly ADD
2831 silly ADD
2832 silly ADD
2833 silly ADD
2834 silly ADD
2835 silly ADD
2836 silly ADD
2837 silly ADD
2838 silly ADD
2839 silly ADD
2840 silly ADD
2841 silly ADD
2842 silly ADD
2843 silly ADD
2844 silly ADD
2845 silly ADD node_modules/@esbuild/win32-x64
2846 silly ADD
2847 silly ADD
2848 silly ADD
2849 silly ADD
2850 silly ADD
2851 silly ADD
2852 silly ADD
2853 silly ADD
2854 silly ADD
2855 silly ADD
2856 silly ADD
2857 silly ADD
2858 silly ADD
2859 silly ADD
2860 silly ADD
2861 silly ADD
2862 silly ADD
2863 silly ADD
2864 silly ADD
2865 silly ADD
2866 silly ADD
2867 silly ADD
2868 silly ADD
2869 silly ADD node_modules/@emmetio/stream-reader-utils
2870 silly ADD node_modules/@emmetio/stream-reader
2871 silly ADD node_modules/@emmetio/scanner
2872 silly ADD node_modules/@emmetio/html-matcher
2873 silly ADD node_modules/@emmetio/css-parser
2874 silly ADD node_modules/@emmetio/css-abbreviation
2875 silly ADD node_modules/@emmetio/abbreviation
2876 silly ADD node_modules/@biomejs/cli-win32-x64
2877 silly ADD
2878 silly ADD
2879 silly ADD
2880 silly ADD
2881 silly ADD
2882 silly ADD
2883 silly ADD
2884 silly ADD node_modules/@babel/types
2885 silly ADD node_modules/@babel/traverse
2886 silly ADD node_modules/@babel/template
2887 silly ADD node_modules/@babel/plugin-transform-react-jsx
2888 silly ADD node_modules/@babel/plugin-syntax-jsx
2889 silly ADD node_modules/@babel/parser
2890 silly ADD node_modules/@babel/helpers
2891 silly ADD node_modules/@babel/helper-validator-option
2892 silly ADD node_modules/@babel/helper-validator-identifier
2893 silly ADD node_modules/@babel/helper-string-parser
2894 silly ADD node_modules/@babel/helper-plugin-utils
2895 silly ADD node_modules/@babel/helper-module-transforms
2896 silly ADD node_modules/@babel/helper-module-imports
2897 silly ADD node_modules/@babel/helper-globals
2898 silly ADD node_modules/@babel/helper-compilation-targets
2899 silly ADD node_modules/@babel/helper-compilation-targets/node_modules/semver
2900 silly ADD node_modules/@babel/helper-annotate-as-pure
2901 silly ADD node_modules/@babel/generator
2902 silly ADD node_modules/@babel/core
2903 silly ADD node_modules/@babel/core/node_modules/semver
2904 silly ADD node_modules/@babel/compat-data
2905 silly ADD node_modules/@babel/code-frame
2906 silly ADD node_modules/@astrojs/yaml2ts
2907 silly ADD node_modules/@astrojs/telemetry
2908 silly ADD node_modules/@astrojs/prism
2909 silly ADD node_modules/@astrojs/markdown-remark
2910 silly ADD node_modules/@astrojs/language-server
2911 silly ADD node_modules/@astrojs/internal-helpers
2912 silly ADD node_modules/@astrojs/compiler
2913 silly ADD node_modules/@alloc/quick-lru
2914 silly CHANGE node_modules/@types/node
2915 silly CHANGE node_modules/@tailwindcss/typography
2916 silly CHANGE node_modules/@biomejs/biome
2917 silly CHANGE node_modules/@astrojs/tailwind
2918 silly CHANGE node_modules/@astrojs/vercel
2919 silly ADD node_modules/@astrojs/vercel/node_modules/@vercel/analytics
2920 silly CHANGE node_modules/@astrojs/check
2921 silly CHANGE node_modules/volar-service-prettier
2922 silly CHANGE node_modules/typescript
2923 silly CHANGE node_modules/prettier
2924 silly CHANGE node_modules/tailwindcss
2925 silly ADD node_modules/tailwindcss/node_modules/postcss-selector-parser
2926 silly ADD node_modules/tailwindcss/node_modules/glob-parent
2927 silly CHANGE node_modules/astro
2928 silly CHANGE node_modules/jose
2929 verbose cwd D:\00 刘盛雄知识库\00 myblog
2930 verbose os Windows_NT 10.0.26200
2931 verbose node v22.16.0
2932 verbose npm  v10.9.4
2933 verbose exit 0
2934 info ok
